Sort,Curated.name,CASRN,EC,SMILES,LogP,LogS,BP,MP,LogVP,LogBCF,MW,pre/pro hapten,dpra_call,dpra_pC,dpra_pK,hclat_call,hclat_mit,ks_call,insilico_call,insilico_ad,reference_llna_call,reference_llna_potency,reference_hppt_call,reference_hppt_potency,reference_basketter_call,reference_basketter_potency
1,Abietic acid,514-10-3,208-178-3,CC(C)C1CC[C@H]2C(=CC[C@@H]3[C@]2(C)CCC[C@@]3(C)C(O)=O)C=1,3.918152699,-3.797949946,347.8343818,173.5,-7.93352827,1.97,302.45,pre,1,99.9,16.3,0,Inf,1,1,In,1,1B,NA,NA,1,1B
2,Acetanisole,100-06-1,202-815-9,COc1ccc(cc1)C(C)=O,1.74,-1.920261692,258,38.5,-2.191099971,0.877980262,150.17,,0,4.723885562,0.1,0,Inf,1,0,Out,0,NC,NA,NA,NA,NA
3,2-Acetylcyclohexanone,874-23-7,212-858-5,CC(=O)C1CCCCC1=O,1.512222327,-0.923204492,199.8119907,72.00060488,-1.096520949,0.517998859,140.1796875,,0,5,0,1,109.7,1,1,In,NA,NA,NA,NA,NA,NA
4,4-Allylanisole,140-67-0,205-427-8,COc1ccc(CC=C)cc1,3.020903102,-2.920507819,215.5,-8.096508843,-0.760001514,1.349178792,148.2,pro,1,20.62541583,0,1,207.5967652,0,1,In,1,1B,NA,NA,NA,NA
5,Allyl phenoxyacetate,7493-74-5,231-335-2,C=CCOC(=O)COc1ccccc1,1.86401683,-1.966213458,270.8881908,90.0432331,-2.689598562,0.846546688,192.21,,0,0.61,4.08,0,Inf,1,1,In,1,1B,NA,NA,1,1B
6,4-Aminobenzoic acid,150-13-0,205-753-0,Nc1ccc(cc1)C(O)=O,0.83,-1.16758143,291.9662486,188.5,-4.780769677,0.596752576,137.0476785,,0,10.7,0.4,0,Inf,0,0,In,NA,NA,0,NC,0,NA
7,4-Amino-m-cresol,2835-99-6,220-621-2,Cc1cc(O)ccc1N,1.286619173,-0.870619695,276.2684127,153.9250433,-3.105992165,1.016013265,123.15,,1,90,28.8000031,1,11.50004363,1,1,In,1,1A,NA,NA,NA,NA
8,5-Amino-o-cresol,2835-95-2,220-618-6,Cc1ccc(N)cc1O,0.767649721,-0.873893304,276.4200901,148.722122,-3.092369008,0.862937613,123.15,,1,89.1999998,12.5,1,113.2362193,1,1,In,1,1B,NA,NA,NA,NA
9,2-Aminophenol,95-55-6,202-431-1,Nc1ccccc1O,0.62,-0.728449653,276.9046092,174,-2.616048152,1.001401153,109.13,pre,1,96.2,18.1,1,1.1,1,1,In,1,1A,NA,NA,1,1A
10,3-Aminophenol,591-27-5,209-711-2,Nc1cccc(O)c1,0.21,-0.606951676,279.999732,123,-3.975017348,1.34,109.13,pro-MA,0,6.6,1.2,1,117.0988035,0,1,In,1,1B,NA,NA,NA,NA
11,alpha-Amylcinnamaldehyde,122-40-7,204-541-5,CCCCCC(C=O)=Cc1ccccc1,3.989974145,-3.091347706,276.4768015,79.11526882,-2.321938165,2.733131161,202.29,,0,0.6,3.9,1,25.94,1,1,In,1,1B,NA,NA,1,1B
12,alpha-Amylcinnamic alcohol,101-85-9,202-982-8,CCCCCC(CO)=Cc1ccccc1,3.680782561,-3.475031026,273.7221626,28.36418932,-2.690824814,2.55418214,204.31,,0,5,0,1,17.7,0,1,In,1,1B,NA,NA,1,1B
13,Anethole,104-46-1,203-205-5,COc1ccc(C=CC)cc1,3.018159941,-3.126339613,234.5,21.325,-1.154900099,1.295407356,148.2,,0,0,9.6,1,96.39,0,1,In,1,NA,NA,NA,0,NC
14,Aniline,62-53-3,200-539-3,Nc1ccccc1,0.9,-0.412125458,184.1,-6,-0.309800375,0.21,93.13,pre/pro,0,0,9.7,1,550.8,0,0,Out,1,1B,1,1B,1,1B
15,Anisyl alcohol,105-13-5,203-273-6,COc1ccccc1CO,1.1,-1.83939943,259.1,25,-1.752853777,0.724791334,138.16,,0,1,NA,1,822.2,0,0,Out,1,1B,NA,NA,0,NC
16,2-(p-Anisyl)propanal,6/6/5462,226-749-5,COc1ccc(CC(C)C=O)cc1,2.443679222,-2.138109465,264.7182365,15.41035041,-1.805672414,1.089472059,178.23,,0,8.96,0,1,71,1,1,In,1,1B,NA,NA,1,1B
17,Applelide,478695-70-4,639-080-2,CCOC(=O)CC(=O)OC(C)C1CCCC(C)(C)C1,4.423552034,-2.70105213,301.1932859,-28.99819635,-4.080808551,1.497394657,270.36,,0,1.17,2.13,1,69,0,0,In,0,NC,NA,NA,NA,NA
18,BADGE,1675-54-3,216-823-5,CC(C)(c1ccc(OCC2CO2)cc1)c1ccc(OCC2CO2)cc1,3.364365204,-5.481787164,351.0488275,97.73647791,-6.070273268,2.29377292,340.41,,1,42.5,1.1,1,18.27,1,1,In,1,1A,NA,NA,1,1B
19,Bandrowski’s base,20048-27-5,na,Nc1ccc(cc1)N=C1C=C(N)C(C=C1N)=Nc1ccc(N)cc1,2.634790038,-2.257505554,328.471203,252.6665165,-8.318303223,0.699292637,318.38,pre/pro,1,87.5,4.2,1,1.599968503,1,1,In,1,1A,NA,NA,NA,NA
20,Benzaldehyde,100-52-7,202-860-4,O=Cc1ccccc1,1.475,-1.201546042,179,-26,0.103800301,1.097620999,106.1219406,,0,7.2,0,1,259.9,1,0,Out,NA,NA,1,1A,NA,NA
21,"1,2-Benzisothiazol-3(2H)-one ",2634-33-5,220-120-9,O=C1NSc2ccccc12,0.8033232,-5.480172006,311.9095498,93.63735446,-4.844891464,0.650727925,151.19,,1,97.7,9.7,1,0.55,1,1,In,1,1B,NA,NA,1,1A
22,Benzocaine,94-09-7,202-303-5,CCOC(=O)c1ccc(N)cc1,1.86,-2.296407048,310,92,-1.499571927,0.899935543,165.0789786,,1,29.2,0,1,74.2,1,0,In,NA,NA,1,1B,1,NA
23,Benzoic acid,65-85-0,200-618-2,OC(=O)c1ccccc1,1.87,-1.540396854,249.2,122.4,-3.154900099,0.571276464,122.1213455,,0,0,NA,0,Inf,0,0,In,NA,NA,NA,NA,NA,NA
24,p-Benzoquinone,106-51-4,203-405-2,O=C1C=CC(=O)C=C1,0.2,-0.775000533,188.687437,115.7,-1.045799957,0.216280215,108.09,,1,98.96836314,90.96267191,1,2.239974402,1,1,In,1,1A,NA,NA,NA,NA
25,Benzyl alcohol,100-51-6,202-859-9,OCc1ccccc1,1.1,-0.407083017,205.3,-15.2,-1.026899868,0.795881714,108.14,,0,0,0,1,766.6,0,1,In,0,NC,1,1B,1,1B
26,Benzyl benzoate,120-51-4,204-402-9,O=C(OCc1ccccc1)c1ccccc1,3.97,-4.140261434,323.5,21,-3.649800455,1.558711017,212.24,,0,0.2,3,0,Inf,1,1,In,1,1B,0,NC,0,NC
27,Benzyl bromide,100-39-0,202-847-3,BrCc1ccccc1,2.92,-2.812717468,201,-3,-0.346800033,1.122628016,171.03,,1,100,22.1,1,2.859969648,1,1,In,1,1A,NA,NA,NA,NA
28,Benzyl butyl phthalate,85-68-7,201-622-7,CCCCOC(=O)c1ccccc1C(=O)OCc1ccccc1,4.82,-5.254960471,370,77.38755335,-5.083500256,1.21,312.36,,0,0,0,0,Inf,1,0,In,0,NC,NA,NA,NA,NA
29,Benzyl cinnamate,103-41-3,203-109-3,O=C(OCc1ccccc1)C=Cc1ccccc1,3.621872105,-4.476033119,350,39,-5,2.065583998,238.28,,0,2.18,3.24,0,Inf,1,1,In,1,1B,NA,NA,1,1B
30,Benzyl salicylate,118-58-1,204-262-9,Oc1ccccc1C(=O)OCc1ccccc1,3.106219203,-3.479740876,325.4988776,67.14649813,-6.192181387,1.404229193,228.24,,0,3.8,1.5,0,Inf,1,1,In,1,1B,NA,NA,0,NC
31,Benzylidene acetone,122-57-6,204-555-1,CC(=O)C=Cc1ccccc1,2.07,-1.882852441,261.5,41.75,-1.90659933,1.665884927,146.19,,1,94.67731204,1.5,1,25.79961284,1,1,In,1,NA,1,1A,NA,NA
32,BGE,8/6/2426,219-376-4,CCCCOCC1CO1,0.63,-0.813501355,165,-69.31840034,0.50509976,0.528131975,130.18,,1,67.3,11.5,0,Inf,1,1,In,1,1B,1,1A,1,1B
33,Bis-GMA,1565-94-2,216-367-7,CC(=C)C(=O)OCC(O)COc1ccc(cc1)C(C)(C)c1ccc(OCC(O)COC(=O)C(C)=C)cc1,6.07025108,-3.671596523,445.257759,169.378017,-8.572192653,1.316044606,512.59,,1,35.6,NA,0,Inf,1,1,In,1,1B,NA,NA,NA,NA
34,Bourgeonal,18127-01-0,242-016-2,CC(C)(C)c1ccc(CCC=O)cc1,4.027346795,-2.999713844,258.6595896,15.24920118,-0.863125754,2.875770544,190.28,,1,17.65,0.97,1,27.16,0,1,In,1,1B,NA,NA,1,1B
35,1-Bromobutane,109-65-9,203-691-9,CCCCBr,2.75,-2.284442871,101.3,-112.4,1.622899646,1.163832712,137.0182648,,1,13.78,1.2,1,244,0,0,In,NA,NA,NA,NA,NA,NA
36,1-Bromohexane,111-25-1,203-850-2,CCCCCCBr,3.8,-3.809366765,155.3,-84.7,0.590599998,2.579751662,165.07,,1,14.1,68.2,0,Inf,1,0,In,1,1B,NA,NA,NA,NA
37,Bromothalonil,35691-65-7,252-681-0,BrCC(Br)(CCC#N)C#N,1.889579789,-1.06315695,256.837469,52,-2.552965532,1.617734191,265.93,pre,1,100,28.6,1,9.42,1,1,In,1,1A,NA,NA,1,1A
38,Butan-1-ol,71-36-3,200-751-6,CCCCO,0.88,-0.024141792,117.85,-89.8,0.826100082,0.68307925,74.12,,0,0,1.2,0,Inf,0,0,Out,0,NC,NA,NA,0,NC
39,2-Butoxyethyl acetate,112-07-2,203-933-3,CCCCOCCOC(C)=O,1.008306581,-1.250399713,192,-63,-0.426000003,0.505977608,160.21,,0,-0.52,0.27,0,Inf,0,0,In,0,NC,NA,NA,NA,NA
40,Butyl acrylate,141-32-2,205-480-7,CCCCOC(=O)C=C,2.36,-1.806800242,145,-64.6,0.736599657,0.524347728,128.17,,1,100,85.1,1,183.9988168,1,1,In,1,1B,NA,NA,NA,NA
41,L-Carvone,6485-40-1,229-352-5,CC(=C)[C@@H]1CC=C(C)C(=O)C1,2.36,-2.06079421,230.1666667,8.78346003,-0.987601508,1.01683079,150.22,,1,25.1,0.6,1,95,1,1,In,1,1B,1,1B,1,1B
42,CD-3,25646-71-3,247-161-5,OS(O)(=O)=O.OS(O)(=O)=O.OS(O)(=O)=O.CCN(CCNS(C)(=O)=O)c1ccc(N)c(C)c1.CCN(CCNS(C)(=O)=O)c1ccc(N)c(C)c1,0.230950869,-3.293955264,308.7680208,169.9618476,-8.329468748,0.206536458,271.38,pre/pro,1,90.07377599,86.41153633,1,10.73,1,1,In,1,1A,NA,NA,NA,NA
43,Chloramine-T,127-65-1,204-854-7,[Na+].Cc1ccc(cc1)S(=O)(=O)[N-]Cl,-2.05281371,-2.414958221,291.696819,118.3358121,-5.227831994,0.363238343,205.66,,1,0,99.5,1,259.2,1,1,In,1,NA,NA,NA,NA,NA
44,3-Chloro-p-anisaldehyde,9/7/4903,225-532-2,COc1ccc(C=O)cc1Cl,1.87467987,-2.479085196,263.2094419,34.75873794,-2.002651504,0.751928646,170.59,,0,1.52,-0.029,1,69.54424093,0,1,In,0,NC,NA,NA,NA,NA
45,Chlorobenzene,108-90-7,203-628-5,Clc1ccccc1,2.865,-2.365973221,131.7,-45.2,1.078101407,1.25,112.5569,,0,0.4,1.4,1,288,0,1,In,NA,NA,NA,NA,NA,NA
46,Chlorothalonil,1897-45-6,217-588-1,Clc1c(Cl)c(C#N)c(Cl)c(C#N)c1Cl,2.975,-5.619268691,350,250,-6.244100002,1.8,265.91,,1,100,2.6,1,0.21,1,1,In,1,1A,NA,NA,NA,NA
47,Chlorpromazine,50-53-3,200-045-8,CN(C)CCCN1c2ccccc2Sc2ccc(Cl)cc12,5.41,-5.158391373,361.14937,89.07302684,-6.838714032,2.251553962,318.86,pre/pro,0,-19.6,0,1,4.21,0,1,In,1,NA,1,1B,1,1B
48,Cinnamaldehyde,104-55-2,203-213-9,O=CC=Cc1ccccc1,1.9,-1.97001137,246,-7.5,-1.538999982,0.939897291,132.16,,1,70.6,43.3,1,10.2,1,1,In,1,1A,1,1A,1,1A
49,Cinnamic alcohol,104-54-1,203-212-3,OCC=Cc1ccccc1,1.95,-1.018230004,250,33,-1.619799616,0.924312723,134.18,pre/pro,1,0,15.1,1,101.6,1,1,In,1,1B,1,1B,1,1B
50,Cinnamonitrile,1885-38-7,217-552-5,N#CC=Cc1ccccc1,1.96,-3.085651192,263.8,22,-1.141433095,0.969594967,129.0578492,,0,4.04,0,1,154.96,1,1,In,NA,NA,1,1B,1,NA
51,Citral,5392-40-5,226-394-6,CC(C)=CCCC(C)=CC=O,2.997533139,-2.059999796,228,12.14829244,-0.191545939,1.340193523,152.23,,1,85.7,16.9,1,8.41,1,1,In,1,1B,1,NA,1,1B
52,Citronellol,106-22-9,203-375-0,C[C@@H](CCO)CCC=C(C)C,3.91,-2.675468972,224.25,9.672964373,-1.355999865,1.662324461,156.27,,1,14.4,0,1,50.31,0,1,In,1,1B,0,NC,0,NC
53,Clofibrate,637-07-0,211-277-4,CCOC(=O)C(C)(C)Oc1ccc(Cl)cc1,3.455639127,-3.722027135,290.1254574,55.90208934,-3.638750484,1.792971002,242.6987,,0,2.3,1.9,1,537.18,0,0,In,0,NC,NA,NA,NA,NA
54,Coumarin,91-64-5,202-086-7,O=C1Oc2ccccc2C=C1,1.39,-1.835333013,301.7,71,-3.008800071,1.10209267,146.0367794,,0,1,0,0,Inf,1,0,In,NA,NA,1,1B,1,NA
55,Cyclamen aldehyde,103-95-7,203-161-7,CC(Cc1ccc(cc1)C(C)C)C=O,3.680139264,-2.941933522,258.0632715,15.21803658,-0.713209094,2.797786118,190.28,,1,18.89554225,1,0,Inf,1,1,In,1,1B,NA,NA,NA,NA
56,trans-Dec-2-enal,3913-81-3,223-474-2,CCCCCCCC=CC=O,3.540334597,-3.630633457,230,-0.663541517,-1.018968134,2.164606057,154.25,,1,94.9000001,9.6999969,0,Inf,1,1,In,1,1B,NA,NA,NA,NA
57,DEET,134-62-3,205-149-7,CCN(CC)C(=O)c1cccc(C)c1,2.18,-2.319664487,290,-45,-2.699000406,0.38,191.27,,0,6.7,0.6,0,Inf,0,1,In,0,NC,NA,NA,0,NC
58,Diacetyl,431-03-8,207-069-8,CC(=O)C(C)=O,-1.34,0.473643186,88,-1.2,1.754499701,0.186590234,86.09,,1,79.04191617,27,1,24.69995439,1,1,In,1,1B,NA,NA,NA,NA
59,"2,5-Diaminotoluene sulfate",615-50-9,210-431-8,OS(O)(=O)=O.Cc1cc(N)ccc1N,0.727215529,-0.507440023,273.409982,162.037998,-3.315667933,1.698273249,122.17,pre,1,78.4,15,1,40,1,1,In,1,1A,NA,NA,1,1A
60,Dibenzoyl peroxide,94-36-0,202-327-6,O=C(OOC(=O)c1ccccc1)c1ccccc1,3.46,-4.424957962,349.8920655,105,-5.001499911,1.757238778,242.23,,1,100,81.3,0,Inf,0,1,In,1,1A,1,1B,1,1B
61,Dibenzyl ether,103-50-4,203-118-2,C(OCc1ccccc1)c1ccccc1,3.31,-3.923017392,298,3.6,-2.987200725,2.43,198.26,,0,11.38,0,1,65.83,1,1,In,1,1B,NA,NA,1,1B
62,Dibutyl phthalate,84-74-2,201-557-4,CCCCOC(=O)c1ccccc1C(=O)OCCCC,4.61,-4.395268696,340,-35,-4.696799621,2.22,278.34,,0,0,0,0,Inf,1,0,In,0,NC,NA,NA,NA,NA
63,"N,N-Dibutylaniline",613-29-6,210-335-6,CCCCN(CCCC)c1ccccc1,3.896666002,-3.134860232,274.8,-32.2,-1.619882711,2.755317883,205.34,,0,0,0,0,Inf,0,1,In,1,1B,NA,NA,NA,NA
64,"1,1-Dichloroethene",75-35-4,200-864-0,ClC(Cl)=C,2.13,-1.628656481,31.6,-122.5,2.778199744,1.11,96.94,,0,0.8000031,0,0,Inf,0,0,In,0,NC,NA,NA,NA,NA
65,Diethyl maleate,141-05-9,205-451-9,CCOC(=O)C=CC(=O)OCC,0.819481905,-1.089899839,218.5,-3.65,-0.978798293,0.427876201,172.18,,1,100,85.5,1,64,1,1,In,1,1B,1,1A,1,1A
66,Diethyl phthalate,84-66-2,201-550-6,CCOC(=O)c1ccccc1C(=O)OCC,2.445,-2.330800874,295,-40.5,-2.677799318,0.926269482,222.24,,0,0.8,0,1,296.6,0,0,In,0,NC,NA,NA,0,NC
67,Diethyl sulfate,64-67-5,200-589-6,CCOS(=O)(=O)OCC,1.14,-1.342999633,208,-24,-0.673701015,0.266039841,154.18,,1,26.2,9.6,1,240.3996869,1,1,In,1,1B,NA,NA,NA,NA
68,Diethylenetriamine,111-40-0,203-865-4,NCCNCCN,-0.828611282,0.986399962,207,-39,-0.635100208,0.65,103.17,,1,44.8,0,0,Inf,0,1,In,1,NA,1,1A,NA,NA
69,"3,4-Dihydrocoumarin",119-84-6,204-354-9,O=C1CCc2ccccc2O1,1.374982425,-1.973565091,272,25,-3.01113491,0.957386936,148.16,,1,0,39.7,1,531.6943671,0,1,In,1,1B,1,NA,NA,NA
70,Dihydroeugenol,2785-87-7,220-499-0,CCCc1ccc(O)c(OC)c1,2.647977079,-2.262610185,249.7800165,24.88739731,-2.300576643,0.911571469,166.22,,0,0,12.3000031,0,Inf,1,1,In,1,1B,NA,NA,NA,NA
71,Dihydromyrcenol,18479-58-8,242-362-4,CC(CCCC(C)(C)O)C=C,3.05854829,-2.731047722,207.957665,-17.61188652,-1.03582939,1.708050143,156.2651978,,0,1.97,0,1,603,0,0,Out,NA,NA,NA,NA,NA,NA
72,Dimethyl fumarate,624-49-7,210-849-0,COC(=O)C=CC(=O)OC,0.22,-0.257286852,197.5,-12.94375238,-0.522771083,0.412540772,144.13,,1,100,42.9,1,3.94,1,1,In,1,1A,NA,NA,1,1A
73,3-(Dimethylamino)propylamine,109-55-7,203-680-9,CN(C)CCCN,0.035937019,0.990691289,133,-60,1,0.326048497,102.18,pro,0,10.2,0,1,82.1,1,1,In,1,1B,NA,NA,1,1A
74,Diphenylcyclopropenone,886-38-4,212-948-4,O=C1C(c2ccccc2)=C1c1ccccc1,3.505959509,-3.84425338,345.3592546,119,-5.021473316,2.162037887,206.24,,1,98.8,0,1,3.92,1,1,In,1,1A,NA,NA,1,1A
75,Disodium 2-[4-[[2-cyano-3-[4-[methyl(2-sulphonatoethyl)amino]phenyl]-1-oxoallyl]amino]phenyl]-6-methylbenzothiazole-7-sulphonate,2498-95-5,219-694-3,[Na+].[Na+].CN(CCS([O-])(=O)=O)c1ccc(cc1)C=C(C#N)C(=O)Nc1ccc(cc1)-c1nc2ccc(C)c(c2s1)S([O-])(=O)=O,3.167342677,-3.057611746,365.8782493,217.7423886,-7.129931896,0.700888343,612.6970825,,1,NA,100,1,12,0,1,In,NA,NA,NA,NA,NA,NA
76,DMSO,67-68-5,200-664-3,C[S+](C)[O-],-1.35,1.107199791,189,18.5,-0.214700068,0.6,78.13,,0,0.4,1.2,1,4894.52,0,0,In,1,1B,0,NC,0,NC
77,"DNBS, sodium salt",885-62-1,212-943-7,OS(=O)(=O)c1ccc(cc1[N+]([O-])=O)[N+]([O-])=O,-2.39698734,0.376060859,290.104599,163.618467,-6.424087081,0.682665749,248.17,,1,94.1999998,27.4000015,1,371.8116508,1,1,In,1,1A,NA,NA,NA,NA
78,DNCB,97-00-7,202-551-4,[O-][N+](=O)c1ccc(Cl)c(c1)[N+]([O-])=O,2.17,-3.649221615,315,53,-4.071099983,1.702650736,202.55,,1,100,14.7,1,1.92,1,1,In,1,1A,1,1A,1,1A
79,EGDMA,97-90-5,202-617-2,CC(=C)C(=O)OCCOC(=O)C(C)=C,1.513550153,-0.857964261,225.0039803,58.42532976,-1.358946309,0.494176885,198.22,,1,87.3,12.4,1,535.43,1,1,In,1,1B,NA,NA,1,1B
80,Ethyl acrylate,140-88-5,205-438-8,CCOC(=O)C=C,1.32,-0.782077593,99.4,-71.2,1.586599681,0.615966657,100.12,,1,96.4,95.7,1,10.9,1,1,In,1,1B,1,1B,1,1B
81,Ethyl benzoylacetate,94-02-0,202-295-3,CCOC(=O)CC(=O)c1ccccc1,1.87,-1.83092032,276.0678756,49.32632299,-3.389300454,0.899318869,192.2111816,,0,11.2,0.9,0,Inf,1,0,In,NA,NA,NA,NA,NA,NA
82,Ethyl vanillin,121-32-4,204-464-7,CCOc1cc(C=O)ccc1O,1.595,-1.769950752,294,77.5,-4.984200304,0.698249648,166.17,,0,1.064537591,9.7,0,Inf,1,1,In,0,NC,NA,NA,NA,NA
83,2-Ethylbutanal,97-96-1,202-623-5,CCC(CC)C=O,1.699080682,-1.163502869,118.9612535,-62.04700505,1.110070515,0.807088705,100.16,,1,54.5,60.2,1,460.1857828,1,1,In,1,1B,NA,NA,NA,NA
84,Ethylene brassylate,105-95-3,203-347-8,O=C1CCCCCCCCCCCC(=O)OCCO1,3.724011485,-2.720965758,292.2844304,30.28469445,-5.695141706,1.160734565,270.3645325,,0,0.3,0.6,1,170,0,0,In,NA,NA,NA,NA,NA,NA
85,Ethylene diamine (free base),107-15-3,203-486-6,NCCN,-2.04,1.22110112,117,11.1,1.079199341,0.494290565,60.1,pro,0,3.4,0,1,265.7,1,1,In,1,1B,NA,NA,1,1B
86,2-Ethylhexyl acrylate,103-11-7,203-080-7,CCCCC(CC)COC(=O)C=C,4.198719068,-3.262568756,213.5,-90,-0.749599517,1.93617427,184.28,,1,78.8,34.1,1,99.95907734,1,1,In,1,1B,NA,NA,NA,NA
87,Eugenol,97-53-0,202-589-1,COc1cc(CC=C)ccc1O,2.27,-2.290800985,253.2,-9.1,-1.64549972,0.850146407,164.2,pre/pro,1,9.2,19.2,1,64.4,0,1,In,1,1B,1,1B,1,1B
88,Farnesal,502-67-0,242-957-9,CC(C)=CCCC(C)=CCCC(C)=CC=O,4.852019919,-3.433072961,288.0439515,7.426228519,-1.092341641,1.865268754,220.35,,1,16.4000015,8.5,1,13.33987606,1,1,In,1,1B,NA,NA,NA,NA
89,Farnesol,4602-84-0,225-004-1,CC(C)=CCCC(C)=CCCC(C)=CCO,4.911558726,-4.10112019,277.7046326,21.78183002,-2.63833848,2.014809667,222.37,pre/pro,0,7.3,0,1,21,1,1,In,1,1B,1,1B,1,1B
90,2-Fluoro-5-nitroaniline,369-36-8,206-720-3,Nc1cc(ccc1F)[N+]([O-])=O,1.57774046,-2.797963931,294.542825,108.7170832,-4.36801322,0.719761696,156.11,,0,7.8,0.7,0,Inf,1,0,In,0,NC,NA,NA,NA,NA
91,Formaldehyde,50-00-0,200-001-8,C=O,0.35,1.167081857,-19.1,-105.2842595,2.916442711,0.238017193,30.03,,1,60.4,11.2,1,4.3,1,1,In,1,NA,1,1A,1,1A
92,Furil,492-94-4,207-766-7,O=C(C(=O)c1ccco1)c1ccco1,1.24,-2.391111409,287.9610895,164,-2.99314351,0.846767776,190.1522369,,1,95.8,8.9,0,1901.52,1,1,In,NA,NA,NA,NA,NA,NA
93,Geraniol,106-24-1,203-377-1,CC(C)=CCCC(C)=CCO,3.56,-2.825649403,227.5,6.783875437,-1.522699274,0.881352838,154.25,pre/pro,0,0,10,1,123.03,1,1,In,1,1B,1,1B,1,1B
94,Glutaraldehyde,111-30-8,203-856-5,O=CCCCC=O,-0.138384103,0.222716471,129.0756606,-11.90238329,-0.221800256,0.307188134,100.12,,1,30.2,85.4,1,2.7,1,1,In,1,1A,1,1A,1,1A
95,Glycerol,56-81-5,200-289-5,OCC(O)CO,-1.86,1.079299166,290,18.2,-3.774701059,0.434612922,92.09,,0,0,2.1,0,Inf,0,0,Out,0,NC,NA,NA,0,NC
96,Glyoxal,107-22-2,203-474-9,O=CC=O,-0.075146228,1.236300401,50.4,15,2.406499304,0.114405362,58.04,,1,56.5,67.8,1,286.7,1,1,In,1,1A,1,1A,1,1A
97,Helional,1205-17-0,214-881-6,CC(Cc1ccc2OCOc2c1)C=O,1.89637461,-2.170675265,282.2320199,78.40077241,-3.142085362,0.792240862,192.21,,1,44.85,3.74,1,93.05,1,1,In,1,1B,NA,NA,0,NC
98,"Hepta-2,4-dienal",5910-85-0,227-627-4,CCC=CC=CC=O,1.751398314,-1.240888677,171.0583552,84.5,-0.145780099,0.903538244,110.15,,1,97.3,23.9,1,3.509958633,1,1,In,1,1B,NA,NA,NA,NA
99,n-Hexane,110-54-3,203-777-6,CCCCCC,3.9,-3.899076842,68.7,-95.3,2.17979874,2.096689859,86.18,,0,0,0,0,Inf,0,0,In,0,NC,0,NC,0,NC
100,trans-Hex-2-enal,6728-26-3,229-778-1,CCCC=CC=O,1.100624737,-1.017801533,146.5,-50.8234191,1.325742577,1.052817121,98.14,,1,97.9,3.6,1,5.7,1,1,In,1,1B,1,1A,1,1A
101,Hexyl salicylate,6259-76-3,228-408-6,CCCCCCOC(=O)c1ccccc1O,5.5,-3.547795404,271.8188864,25.5383341,-4.578604743,1.454172245,222.28,,0,3.9,1.4,1,52.73,0,0,In,1,NA,0,NC,1,1B
102,alpha-Hexylcinnamaldehyde,101-86-0,202-983-3,CCCCCCC(C=O)=Cc1ccccc1,4.338522206,-3.719147883,278.9160953,39.2,-2.571143224,2.632649554,216.32,,0,0,0,0,Inf,1,1,In,1,1B,NA,NA,0,NC
103,2-Hexylidenecyclopentanone,17373-89-6,241-411-7,CCCCCC=C1CCCC1=O,3.171512719,-2.524735049,245.1651712,23.24942464,-1.1025182,1.745139117,166.26,,1,92.2,2.9,NA,NA,1,1,In,1,1B,1,1A,1,1A
104,HHPA,85-42-7,201-604-9,O=C1OC(=O)C2CCCCC21,0.99089127,-0.926613764,252.3273901,74.10830306,-2.784691676,0.398160182,154.16,,1,15.6999969,34.5999985,0,Inf,0,1,In,1,1A,NA,NA,NA,NA
105,Hydratropaldehyde,93-53-8,202-255-5,CC(C=O)c1ccccc1,2.025292579,-1.656408253,203.5,14.92079771,-0.568599242,1.154711482,134.18,,1,48.17032601,21.2,1,38.19946188,1,1,In,1,1B,1,1B,NA,NA
106,Hydrocortisone,50-23-7,200-020-1,C[C@]12CCC(=O)C=C1CC[C@H]1[C@@H]3CC[C@](O)(C(=O)CO)[C@@]3(C)C[C@H](O)[C@@H]12,1.61,-3.008726396,389.2956764,218.572596,-9.448612369,0.224574966,362.2093241,,1,39.1,82.9,0,Inf,1,0,Out,NA,NA,0,NC,0,NA
107,Hydroquinone,123-31-9,204-617-8,Oc1ccc(O)cc1,0.59,-0.183871228,287,172.3,-4.619799616,0.959648294,110.11,pre,1,83.3,51.1,1,2.13,1,1,In,1,1A,NA,NA,1,1B
108,4-Hydroxybenzoic acid,99-96-7,202-804-9,OC(=O)c1ccc(O)cc1,1.58,-1.430464455,257.832678,214.5,-6.716701033,0.684745781,138.12,,0,0,2.163061564,0,Inf,0,1,Out,0,NC,NA,NA,NA,NA
109,Hydroxycitronellal,107-75-5,203-518-7,CC(CCCC(C)(C)O)CC=O,3.06131801,-2.004246291,241,-35.29515748,-2.885144789,1.164160898,172.26,,1,17.5,6.5,1,26.8,1,1,In,1,1B,1,1B,1,1B
110,2-Hydroxyethyl acrylate,818-61-1,212-454-9,OCCOC(=O)C=C,-0.21,0.935555391,191,-26.66248823,-1.281499972,0.592982973,116.12,,1,92.6,88.9,1,10.8,1,0,Out,1,1A,NA,NA,1,1B
111,2-Hydroxypropyl methacrylate,923-26-2,213-090-3,CC(O)COC(=O)C(C)=C,0.97,0.221553792,176.4894646,-39.58353748,-0.934477193,0.479800622,144.17,,1,58.39064649,0,0,Inf,1,0,Out,0,NC,NA,NA,NA,NA
112,Imidazolidinyl urea,39236-46-9,254-372-6,OCN1C(NC(=O)NCNC(=O)NC2N(CO)C(=O)NC2=O)C(=O)NC1=O,-0.859706635,-2.716073375,322.2244602,144.8568765,-10.26769975,0.41736067,388.29,,1,52.3,1.3,1,39.3,1,1,In,1,1B,1,1B,1,1B
113,Iodocarb,55406-53-6,259-627-5,CCCCNC(=O)OCC#CI,2.090610433,-1.706749355,275.1025638,57.18517653,-3.00047315,0.951187243,281.09,,1,99.7,0,1,8.15,1,1,In,1,1A,NA,NA,1,1B
114,1-Iodohexane,638-45-9,211-339-0,CCCCCCI,3.998069989,-4.265210016,181,-74.2,0.146698448,2.743235146,212.07,,1,32.2,1.4,1,91.01124429,1,1,Out,0,NC,NA,NA,NA,NA
115,Isobergamate,68683-20-5,272-066-0,CC(C)C1CC=C(CCOC=O)CC=1,3.491486879,-2.636640165,249.0064414,21.52702815,-1.461811344,1.47715368,194.1306798,,1,8.76,8.25,1,357.1,1,1,In,NA,NA,1,1B,1,NA
116,Isobornyl acetate,125-12-2,204-727-6,CC(=O)O[C@H]1C[C@H]2CC[C@@]1(C)C2(C)C,4.3,-3.720102658,221.045475,29.15184072,-0.645342321,1.616354841,196.2860107,,0,0.4,0,1,75,0,0,Out,NA,NA,NA,NA,NA,NA
117,p-Isobutyl-alpha-methylhydrocinnamaldehyde,6658-48-6,229-695-0,CC(C)Cc1ccc(CC(C)C=O)cc1,3.867083126,-3.65188525,278.7697273,21.27357476,-0.950960191,2.825441216,204.31,,0,2.73,0,1,71.8,0,1,In,1,1B,NA,NA,1,1B
118,2-Isobutyl-4-methyltetrahydro-2H-pyran-4-ol,63500-71-0,613-238-0,CC(C)CC1CC(C)(O)CCO1,2.882675173,-0.183007038,218.0196943,29.2543276,-2.625388083,0.691289268,172.2646027,,0,1.34,3.12,1,421,0,0,In,NA,NA,NA,NA,NA,NA
119,Isoeugenol,97-54-1,227-678-2,COc1cc(C=CC)ccc1O,3.04,-2.274711345,266,11.75,-1.922301503,1.033038207,164.2,pre\,1,89.3,10.7,0,Inf,1,1,In,1,1A,1,1B,1,1A
120,alpha-Isomethylionone,127-51-5,204-846-3,CC(=O)C(C)=CC1C(C)=CCCC1(C)C,4.381670642,-2.978719211,271.2046191,15.54426335,-1.256498492,2.312512372,206.32,,0,5.38,0.41,1,52.47,0,1,In,1,1B,0,NC,0,NC
121,Isopropanol,67-63-0,200-661-7,CC(C)O,0.05,0.957069478,82.3,-89.5,1.657200275,0.662586558,60.1,,0,0,0.5,0,Inf,0,0,Out,0,NC,NA,NA,0,NC
122,Isopropyl myristate,110-27-0,203-751-4,CCCCCCCCCCCCCC(=O)OC(C)C,6.903239979,-7.289882635,292.4093028,3,-4.029200001,2.901281493,270.45,,0,0.8,0,1,247.1,0,0,In,1,1B,NA,NA,0,NC
123,Kanamycin,59-01-8,200-411-7,NCC1OC(OC2C(N)CC(N)C(OC3OC(CO)C(O)C(N)C3O)C2O)C(O)C(O)C1O,-3.88,NA,NA,NA,NA,NA,NA,,1,5.4,8.999,0,Inf,0,1,In,0,NC,1,1B,NA,NA
124,Kathon CG,55965-84-9,611-341-5; 911-418-6,CN1SC=CC1=O.CN1SC(Cl)=CC1=O,NA,NA,NA,NA,NA,NA,NA,,1,90.9,4.3,1,2.21,1,NA,NA,1,1A,1,1A,NA,NA
125,Lactic acid,50-21-5,200-018-0,CC(O)C(O)=O,-0.72,1.045401223,208.6913043,40.8667,-1.089899839,0.622909475,90.08,,0,0,0.8,0,Inf,0,0,In,0,NC,NA,NA,0,NC
126,Lauryl gallate,1166-52-5,214-620-6,CCCCCCCCCCCCOC(=O)c1cc(O)c(O)c(O)c1,4.637660094,-3.303403786,386.654037,96.5,-8.916000358,2.69003701,338.44,pre,1,90.9,8.7,1,2.02,1,1,In,1,1A,NA,NA,1,1A
127,Lilial,80-54-6,201-289-8,CC(Cc1ccc(cc1)C(C)(C)C)C=O,3.942317319,-3.654061965,278.3914855,21.52415745,-0.712607506,2.831466247,204.31,,1,14,0.7,1,44.6,0,1,In,1,1B,1,1B,1,1B
128,D-Limonene,5989-27-5,227-813-5,CC(=C)[C@@H]1CCC(C)=CC1,4.515,-4.035033171,176,-86.4333,0.189799011,2.394267035,136.23,pre,0,4.9,1.3,1,216.7,0,1,In,1,1B,NA,NA,0,NC
129,Linalool,78-70-6,201-134-4,CC(C)=CCCC(C)(O)C=C,2.97,-1.989980346,197.5,-23.84406866,-0.795899018,0.888014145,154.25,pre,0,0,7.9,1,68.3,0,1,In,1,1B,NA,NA,1,1B
130,Maleic anhydride,108-31-6,203-571-6,O=C1OC(=O)C=C1,-0.424840817,-0.107930169,202,52.8,-0.602099948,0.133019215,98.06,,1,100,41,1,298.400258,0,1,In,1,1A,NA,NA,NA,NA
131,2-Mercaptobenzothiazole,149-30-4,205-736-8,Sc1nc2ccccc2s1,2.415,-3.170565479,289.3905918,181,-5.365727679,0.9,167.25,,1,97.5,0,1,57.5,1,1,In,1,1A,1,1B,1,1B
132,2-Methoxy-p-cresol,93-51-6,202-252-9,COc1cc(C)ccc1O,1.483922429,-1.856687848,221,5.5,-1.715127609,0.911315812,138.16,pre/pro,0,0,11.5,1,30.8,0,1,In,1,1B,NA,NA,1,1A
133,1-(4-Methoxyphenyl)pent-1-en-3-one,104-27-8,203-190-5,CCC(=O)C=Cc1ccc(OC)cc1,2.523648162,-2.191093194,272.4044804,16.9155152,-2.404005059,1.080374447,190.24,,1,29.9128113,14.2540207,1,39.30007386,1,1,In,1,1B,1,1A,NA,NA
134,Methyl acrylate,96-33-3,202-500-6,COC(=O)C=C,0.8,-0.230571903,80.2,-76.5,1.937300189,0.604834344,86.09,,1,99.3,82.1000004,1,7.950000392,1,1,In,1,1B,NA,NA,NA,NA
135,Methyl 3-bromoproprionate,3395-91-3,222-247-5,COC(=O)CCBr,1.170615419,-0.763536929,165.4727746,-16.02880873,0.593520626,0.453189944,167,,1,99.8,84.4,0,Inf,1,0,In,0,NC,NA,NA,NA,NA
136,Methyl dihydrojasmonate,24851-98-7,246-495-9,CCCCCC1C(CCC1=O)CC(=O)OC,3.563808582,-2.907598704,275.0713008,-10,-2.773592992,0.940066621,226.3119812,,0,5.91,0.5,1,426,0,0,Out,NA,NA,NA,NA,NA,NA
137,Methyl methacrylate,80-62-6,201-297-1,COC(=O)C(C)=C,1.38,-0.812077928,100.5,-48,1.585500209,0.612682214,100.12,,1,36.7,10,1,479.72,1,0,In,1,1B,NA,NA,1,1B
138,Methyl methanesulphonate,66-27-3,200-625-0,COS(C)(=O)=O,0.202635875,0.245562969,203,20,-0.143370808,0.507524754,110.13,,1,93,10.3,0,Inf,1,1,In,1,1B,NA,NA,NA,NA
139,Methyl non-2-ynoate,111-80-8,203-909-2,CCCCCCC#CC(=O)OC,2.930258592,-3.285127063,205.9592968,-67.48495249,-0.462525135,2.134520802,168.23,,1,100,3.2,1,91.8,1,1,In,1,NA,1,NA,1,1A
140,Methyl oct-2-ynoate,111-12-6,203-836-6,CCCCCC#CC(=O)OC,2.796182649,-2.588102457,218.5,-67.08824379,0.248735792,0.889619996,154.21,,1,97.2,0,1,28,1,1,In,1,1A,1,1A,1,1A
141,Methyl pyruvate,600-22-6,209-987-4,COC(=O)C(C)=O,-0.130729194,0.018376436,135.5,-55.59870688,0.301869409,0.197840849,102.09,,0,0,11.8,0,Inf,0,1,In,1,1B,NA,NA,NA,NA
142,Methyl o-toluate,89-71-4,201-932-2,COC(=O)c1ccccc1C,2.75,-2.164997891,215,1.182426721,-1.163705259,0.642954528,150.1744995,,NA,NA,NA,NA,NA,NA,1,Out,NA,NA,NA,NA,NA,NA
143,1-(3-Methyl-2-benzofuranyl)ethanone,23911-56-0,429-100-6,CC(=O)c1oc2ccccc2c1C,2.558195278,-2.015347177,275.8824533,75.95563826,-4.079866654,0.795594956,174.1959076,,0,0.3,0.5,1,62,0,0,Out,NA,NA,NA,NA,NA,NA
144,alpha-Methylcinnamaldehyde,101-39-3,202-938-8,CC(C=O)=Cc1ccccc1,2.215058297,-1.693081672,251.6,28.77737465,-1.823900055,1.464324364,146.19,,1,10.4,28.8,1,40.3,1,1,In,1,1B,NA,NA,1,1B
145,6-Methylcoumarin,92-48-8,202-158-8,Cc1ccc2OC(=O)C=Cc2c1,1.556885355,-2.272403727,304,76.5,-3.138759527,0.79087449,160.1693268,,0,1.4,4,0,Inf,1,1,Out,NA,NA,NA,NA,NA,NA
146,2-Methyldecanenitrile,69300-15-8,273-960-3,CCCCCCCCC(C)C#N,3.537452803,-4.648702493,244.2810761,-3.883262457,-1.079817184,1.904726303,167.29,,0,3,1.6,1,119,0,0,In,0,NC,NA,NA,NA,NA
147,"6-Methylhepta-3,5-dien-2-one",1604-28-0,216-507-7,CC(=O)\C=C\C=C(C)C,1.886710887,-1.238231684,197.3556494,-1.256519166,0.102992803,1.044039137,124.088815,,1,21.52,3.09,1,54.4,1,1,In,NA,NA,1,1A,1,NA
148,"5-Methylhexane-2,3-dione",13706-86-0,237-241-8,CC(C)CC(=O)C(C)=O,0.873992078,-1.162429468,138,10.41835241,0.028428817,0.513707292,128.17,,1,25.8,7.5,1,211.6,1,1,In,1,1B,1,1B,1,1B
149,Methylisothiazolinone,2682-20-4,220-239-6,CN1SC=CC1=O,-0.097461601,-0.497885543,153.8948401,131.0966678,0.349105942,0.309107474,115.15,,1,97.9,0,1,7.89,1,1,In,1,1A,1,1A,1,1A
150,4-Methyl-2-nitroanisole,119-10-8,204-296-4,COc1ccc(C)cc1[N+]([O-])=O,2.200131834,-2.687435799,266.1955812,29.90263666,-3.076741016,1.018795712,167.16,,0,0,0.3,1,86.69945893,1,0,Out,0,NC,NA,NA,NA,NA
151,Methylparaben,99-76-3,202-785-7,COC(=O)c1ccc(O)cc1,1.96,-1.76243097,272.9252858,131,-2.966974916,0.852300792,152.15,,0,3.5999985,0,0,Inf,1,1,Out,0,NC,NA,NA,NA,NA
152,2-Methylundecanal,110-41-8,203-765-0,CCCCCCCCCC(C)C=O,4.799817388,-4.018066801,171,27.15985126,-1.675604399,2.81421245,184.32,,1,100,0,0,Inf,1,1,In,1,1B,NA,NA,NA,NA
153,Metol,55-55-0,200-237-1,OS(O)(=O)=O.CNc1ccc(O)cc1.CNc1ccc(O)cc1,0.631619883,-0.922073653,276.7345493,159.9053325,-2.518159006,0.729341803,123.15,pre/pro,1,100,44.7,1,12.7,1,1,In,1,1A,NA,NA,1,1B
154,1-Naphthol,90-15-3,201-969-4,Oc1cccc2ccccc12,2.85,-2.171915198,288,95,-3.562200304,2.045160534,144.17,pre,1,21.8,17.4,1,12.69981694,1,1,In,1,1A,NA,NA,NA,NA
155,Neomycin sulfate,1405-10-3,215-773-1,OS(O)(=O)=O.NC[C@@H]1OC(O[C@@H]2[C@@H](CO)O[C@@H](O[C@@H]3[C@@H](O)[C@H](N)C[C@H](N)[C@H]3O[C@H]3O[C@H](CN)[C@@H](O)[C@H](O)[C@H]3N)[C@@H]2O)[C@H](N)[C@@H](O)[C@@H]1O,0.826875437,-0.920393353,357.9057185,140.9332712,-8.35964586,0.439603972,614.3123,,NA,-66.3,3.1,1,429.1,0,1,In,NA,NA,1,1B,1,NA
156,4-Nitrobenzyl bromide,100-11-8,202-820-6,[O-][N+](=O)c1ccc(CBr)cc1,2.818127305,-2.427199302,262.8684184,99,-2.030680766,1.288073554,216.03,,1,100,24.2,1,0.799996458,1,1,In,1,1A,NA,NA,NA,NA
157,2-Nitro-p-phenylenediamine,5307-14-2,226-164-5,Nc1ccc(N)c(c1)[N+]([O-])=O,0.53,-2.31060484,315.0069533,140,-7.708948226,0.820099166,153.14,pre/pro,1,93.3,0,1,276.7,1,1,In,1,1A,NA,NA,1,1A
158,cis-6-Nonenal,2277-19-2,218-900-9,CCC=CCCCCC=O,3.189278476,-2.549180799,190.8485716,-6.658551628,-0.422852938,1.996152953,140.22,,0,8,2.6999969,1,22.82510568,1,1,In,1,1B,NA,NA,NA,NA
159,Octanoic acid,124-07-2,204-677-5,CCCCCCCC(O)=O,3.05,-2.280950074,239,16.3,-2.430600338,0.577399807,144.21,,0,0,0.9,1,158.7,0,0,In,0,NC,NA,NA,0,NC
160,OTNE,54464-57-2,259-174-3,CC1CC2CCCC(C)(C)C=2CC1(C)C(C)=O,4.977116898,-4.243681226,287.597464,-2.349919341,-2.652271187,2.57341829,234.38,,0,<5.74,NA,1,21.08,0,1,In,1,1B,0,NC,0,NC
161,Oxalic acid,144-62-7,205-634-3,OC(=O)C(O)=O,-0.855481297,0.385129733,318.0135287,141.7844698,-3.630800847,0.692725201,90.03,,0,0.9,0,1,310.333728,1,0,In,1,1B,NA,NA,NA,NA
162,Oxazolone,15646-46-5,239-713-9,CCOC=C1N=C(OC1=O)c1ccccc1,1.479398962,-2.177538222,316.039587,60.24672589,-3.557250059,0.593919261,217.22,,1,75.5,49.63948974,1,2.71,1,1,In,1,1A,NA,NA,NA,NA
163,Penicillin G,61-33-6,200-506-3,CC1(C)S[C@@H]2[C@H](NC(=O)Cc3ccccc3)C(=O)N2[C@H]1C(O)=O,1.83,-1.476260734,306.7269936,161.0005862,-10.14386972,0.461416515,334.39,,1,14.3,0,1,3754.3,0,1,In,1,1B,1,1B,1,1B
164,Pentachlorophenol,87-86-5,201-778-6,Oc1c(Cl)c(Cl)c(Cl)c(Cl)c1Cl,5.12,-3.817149541,309.5,174,-3.958599419,2.66,266.34,,1,0,14.5,1,19.04,0,1,In,1,1B,NA,NA,0,NC
165,Perillaldehyde,2111-75-3,218-302-8,CC(=C)C1CCC(C=O)=CC1,3.126078724,-1.916610544,240,14.27441899,-0.554764059,1.418647907,150.22,,1,31.87,13.8,1,51.4,1,1,In,1,1B,1,1B,1,1B
166,3-Phenoxypropanenitrile,3055-86-5,221-278-1,N#CCCOc1ccccc1,1.61,-1.532211729,278.0266328,58.79666013,-1.587756488,0.92010868,147.17,,1,0,29.7,1,451.893425,0,0,Out,0,NC,NA,NA,NA,NA
167,Phenyl benzoate,93-99-2,202-293-2,O=C(Oc1ccccc1)c1ccccc1,3.59,-3.718966633,314,71,-2.76959962,1.646707152,198.22,,1,36.8,19.6,1,137.8,0,1,In,1,NA,1,1B,1,1B
168,Phenylacetaldehyde,122-78-1,204-574-5,O=CCc1ccccc1,1.78,-1.585054913,195,33.5,-0.406699531,0.961618603,120.15,,1,60.7,22.63,1,11.5,1,1,In,1,1B,1,1A,1,1B
169,p-Phenylenediamine,106-50-3,203-404-7,Nc1ccc(N)cc1,-0.3,-0.422900178,267,146,-2.893411402,0.810967095,108.14,pre,1,93,23.5,1,2.09,1,1,In,1,1A,1,1A,1,1A
170,"1-Phenylpropane-1,2-dione ",579-07-7,209-435-2,CC(=O)C(=O)c1ccccc1,1.730573807,-1.755799599,222,80.51720995,-1.221595317,0.720308944,148.16,,1,47.1,15.4,1,56.69947585,1,1,In,1,NA,NA,NA,NA,NA
171,Phthalic anhydride,85-44-9,201-607-5,O=C1OC(=O)c2ccccc12,1.6,-1.384516069,295,130.8,-3.286500217,0.367243418,148.12,,1,1.9,74.98362803,0,Inf,0,1,In,1,1A,NA,NA,NA,NA
172,Propyl gallate,121-79-9,204-498-2,CCCOC(=O)c1cc(O)c(O)c(O)c1,1.8,-1.780863815,315.9925477,130,-6.590695576,1.173451026,212.2,pre,1,59.9,26.6,1,32.4,1,1,In,1,1A,NA,NA,1,1A
173,Propylene glycol,57-55-6,200-338-0,CC(O)CO,-0.92,1.119915511,187.6,-60,-0.88940019,0.52892219,76.09,,0,0,0.6,0,Inf,0,0,Out,0,NC,0,NC,0,NC
174,3-Propylidenephthalide,17369-59-4,241-402-8,CCC=C1OC(=O)c2ccccc12,1.679483941,-2.289710872,282.9766985,49.60788241,-3.3154985,0.910256781,174.2,pre,1,14.3,30.6,1,31.2,0,0,Out,1,1B,1,1B,1,1B
175,Propylparaben,94-13-3,202-307-7,CCCOC(=O)c1ccc(O)cc1,3.04,-2.558329052,269.5977455,97,-5.221571764,0.847357814,180.2004852,,0,8.2,0,1,61.4,1,0,In,NA,NA,NA,NA,NA,NA
176,Pyridine,110-86-1,203-809-9,c1ccncc1,0.65,0.987389734,115.2,-41.6,1.318100917,0.640497226,79.1,,0,1.5,0,1,2370,0,0,In,1,1B,1,1B,0,NC
177,Resorcinol,108-46-3,203-585-2,Oc1cccc(O)c1,0.8,0.812649054,280,111,-3.310700022,0.959648294,110.11,pre,0,1.6,0,1,201.5,0,1,In,1,1B,NA,NA,1,1B
178,Saccharin,81-07-2,201-321-0,O=C1NS(=O)(=O)c2ccccc12,0.91,-1.669150509,266.8468153,143.145388,-5.524815883,0.096845519,183.18,,0,2.4,0,0,Inf,0,0,In,0,NC,NA,NA,NA,NA
179,Safranal,116-26-7,204-133-7,CC1C=CCC(C)(C)C=1C=O,2.502864962,-1.909255452,231.4877896,13.77228359,-0.0967404,1.203828303,150.22,,1,91.8000002,0,1,26.46979604,1,1,In,1,1B,1,1A,NA,NA
180,Salicylic acid,69-72-7,200-712-3,OC(=O)c1ccccc1O,2.26,-1.826728484,255.1589809,158,-4.086199918,0.619266121,138.12,,0,8.7,1,1,608.9,0,1,Out,1,1B,NA,NA,0,NC
181,Sodium lauryl sulfate,151-21-3,205-788-1,[Na+].CCCCCCCCCCCCOS([O-])(=O)=O,1.6,-2.22946655,291.2014305,205.5,-4.681712385,0.778039793,266.4,,0,0,0,0,Inf,0,0,In,1,1B,0,NC,0,NC
182,Squaric acid,2892-51-5,220-761-4,OC1=C(O)C(=O)C1=O,-0.353397072,0.514389056,253.7155904,103.9159021,-2.326567682,0.529501698,114.06,,1,46.8812866,4.8252945,0,Inf,0,1,In,1,NA,NA,NA,NA,NA
183,Sulfanilamide,63-74-1,200-563-4,Nc1ccc(cc1)S(N)(=O)=O,-0.62,-1.360011484,284.0363129,165.5,-4.682026348,0.295597639,172.2,,0,0,0.8,0,Inf,0,0,In,0,NC,1,1B,NA,NA
184,Sulfanilic acid,121-57-3,204-482-5,Nc1ccc(cc1)S(O)(=O)=O,-2.16,-1.205100161,298.6135967,193.1994319,-9.906381229,0.684397924,173.19,,0,5.3,0.5,0,Inf,0,0,In,NA,NA,NA,NA,NA,NA
185,L-Tartaric acid,87-69-4,201-766-0,OC(C(O)C(O)=O)C(O)=O,-1.899522912,0.470980551,317.8049393,173.625,-8.878516967,0.5341719,150.0868378,,0,3.8,1.2,0,Inf,0,0,In,NA,NA,NA,NA,NA,NA
186,Tetrachlorosalicylanilide,1154-59-2,214-576-8,Oc1c(Cl)cc(Cl)cc1C(=O)Nc1ccc(Cl)c(Cl)c1,5.109344374,-5.169733197,317.4861583,161,-8.486790493,2.457563514,351.01,,1,36.8,9,1,2.98,1,0,Out,1,1A,1,1A,1,1A
187,"2,2,6,6-Tetramethylheptane-3,5-dione",1118-71-4,214-268-3,CC(C)(C)C(=O)CC(=O)C(C)(C)C,3.363322047,-1.598982938,224.4311235,6.838586458,-0.35629802,0.595371431,184.28,,0,1.3972092,0,1,153.1870754,0,1,In,1,1B,NA,NA,NA,NA
188,Thioglycerol,96-27-5,202-495-0,OCC(O)CS,-1.300880154,0.814562398,238.217993,62.50510285,-5.030899412,0.517984535,108.0245005,,1,27.3,28.4,1,813.6,0,1,In,NA,NA,1,1B,1,NA
189,Thiram,137-26-8,205-286-2,CN(C)C(=S)SSC(=S)N(C)C,1.73,-3.986507259,305.7590104,155.6,-4.76320083,0.53,240.43,,1,99.5,6.9,1,2.7,1,0,Out,1,1B,1,1B,NA,NA
190,alpha-Tocopherol,59-02-9,200-412-2,CC(C)CCC[C@@H](C)CCC[C@@H](C)CCC[C@]1(C)CCc2c(C)c(O)c(C)c(C)c2O1,9.408529544,-7.554110669,394.1957934,33.10262522,-6.632010697,3.23182354,430.71,,0,0,7.1,0,Inf,1,1,Out,1,1B,NA,NA,0,NC
191,Triethanolamine,102-71-6,203-049-8,OCCN(CCO)CCO,-1,0.826300318,335.4,20.5,-5.444899503,0.59,149.19,,0,0,3.1,1,1718.3,0,0,In,0,NC,NA,NA,0,NC
192,Trimellitic anhydride,552-30-7,209-008-0,OC(=O)c1ccc2C(=O)OC(=O)c2c1,-0.593898034,-2.317933584,390,162,-5.006100182,0.62557408,192.13,,1,0,43.7,1,81.19960316,0,1,In,1,1B,NA,NA,NA,NA
193,Tropolone,533-75-5,208-577-2,OC1=CC=CC=CC1=O,0.53,-0.474955193,198.2951156,50.8,-0.525362033,0.359125512,122.12,,0,0,1.1,1,27.29985369,1,1,In,1,1B,NA,NA,NA,NA
194,Undec-10-enal,112-45-8,203-973-1,C=CCCCCCCCCC=O,4.111827607,-3.997182685,225.5211356,15.60495373,-1.097856361,2.231442995,168.28,,0,0,0,0,Inf,1,1,In,1,1B,NA,NA,NA,NA
195,Vanillin,121-33-5,204-465-2,COc1cc(C=O)ccc1O,1.21,-1.140580791,285,81.5,-3.927400895,0.68607444,152.15,,0,3.2,0,0,Inf,0,1,In,0,NC,NA,NA,0,NC
196,4-Vinylpyridine,100-43-6,202-852-0,C=Cc1ccncc1,1.286514944,-0.557899816,162.9749874,-49.03422726,0.23040038,1.86,105.14,,1,92.0999999,0,1,3.800006701,1,1,In,1,NA,NA,NA,NA,NA
