Sort,CASRN,Curated_name,ADRA_call,ADRA_mean_dep,ADRA_NAC_dep,ADRA_NAL_dep,DPRA_call,DPRA_mean_dep,DPRA_Cys_dep,DPRA_Lys_dep,KeratinoSens_call,LuSens_call,GARDskin_call,GARDskin_DV,hCLAT_call,hCLAT_MIT,IL8Luc_call,USENS_call,USENS_EC150,Derek_prediction,Derek_ad,iSafeRat_prediction,iSafeRat_ad,Leadscope_prediction,Leadscope_ad,OECDQSARTB_prediction,OECDQSARTB_ad,StopTox_prediction,StopTox_ad,LLNA_call,LLNA_GHS,HDSG_call,HDSG_GHS,Basketter_human_call,Baksetter_human_GHS,LogP,LogS,BP,MP,LogVP,LogBCF,MW
1,514-10-3,Abietic acid,1,65.35,97.6,33.1,1,58.1,99.9,16.3,1,NA,1,2.329,0,9999,1,1,36.200000000000003,1,In,Skin sensitiser,Inside AD,1,In,1,In,0,0,1,1B,NA,NA,1,1B,3.918152699,-3.797949946,347.8343818,173.5,-7.93352827,1.97,302.45
2,100-06-1,Acetanisole,0,0.286475,0.572950749,0,0,2.411942781,4.7238855620000004,0.1,1,1,NA,NA,0,9999,0,1,100.63,0,In,Not skin sensitiser,Inside AD,0,In,0,Out,0,0,0,NC,NA,NA,NA,NA,1.74,-1.920261692,258,38.5,-2.191099971,0.877980262,150.17
3,874-23-7,2-Acetylcyclohexanone,NA,NA,NA,NA,0,2.5,5,0,1,NA,NA,NA,1,109.7,1,1,97.93,1,In,Not skin sensitiser,Inside AD,1,In,1,In,0,0,NA,NA,NA,NA,NA,NA,1.512222327,-0.923204492,199.8119907,72.00060488,-1.096520949,0.517998859,140.1796875
4,140-67-0,4-Allylanisole,1,26.26794,41.38529284,11.15058522,1,10.31270792,20.625415830000001,0,0,0,NA,NA,1,207.59676519999999,1,1,97.82,1,In,Skin sensitiser,Inside AD,0,In,1,In,1,1,1,1B,NA,NA,NA,NA,3.020903102,-2.920507819,215.5,-8.096508843,-0.760001514,1.349178792,148.2
5,7493-74-5,Allyl phenoxyacetate,1,9.15,13.6,4.7,0,2.345,0.61,4.08,1,NA,NA,NA,0,9999,NA,0,>200,0,In,Skin sensitiser,Inside AD,0,In,1,In,1,NA,1,1B,NA,NA,1,1B,1.86401683,-1.966213458,270.8881908,90.0432331,-2.689598562,0.846546688,192.21
6,150-13-0,4-Aminobenzoic acid,0,0.4,0.7,0,0,5.55,10.7,0.4,0,0,0,-0.8584,0,9999,0,0,>200,1,In,Skin sensitiser,Inside AD,0,In,0,In,0,0,NA,NA,0,NC,0,NA,0.83,-1.16758143,291.9662486,188.5,-4.780769677,0.596752576,137.0476785
7,2835-99-6,4-Amino-m-cresol,1,63.55,99.9,27.2,1,59.40000155,90,28.8000031,1,NA,1,4.016,1,11.50004363,NA,1,1.75,1,In,Skin sensitiser,Inside AD,1,In,1,In,1,1,1,1A,NA,NA,NA,NA,1.286619173,-0.870619695,276.2684127,153.9250433,-3.105992165,1.016013265,123.15
8,2835-95-2,5-Amino-o-cresol,0,3.55,6.3,0.8,1,50.8499999,89.199999800000001,12.5,1,NA,NA,NA,1,113.2362193,NA,1,7.79,1,In,Skin sensitiser,Inside AD,1,In,1,In,1,1,1,1B,NA,NA,NA,NA,0.767649721,-0.873893304,276.4200901,148.722122,-3.092369008,0.862937613,123.15
9,95-55-6,2-Aminophenol,1,73.4914,100,46.98280873,1,57.15,96.2,18.1,1,NA,1,4.56,1,1.1000000000000001,1,1,<0.1,1,In,Skin sensitiser,Inside AD,1,In,1,In,1,1,1,1A,NA,NA,1,1A,0.62,-0.728449653,276.9046092,174,-2.616048152,1.001401153,109.13
10,591-27-5,3-Aminophenol,1,7.59254,15.18508044,0,0,3.9,6.6,1.2,0,NA,1,4.766,1,117.0988035,1,1,13.94,1,In,Skin sensitiser,Inside AD,1,In,1,In,1,1,1,1B,NA,NA,NA,NA,0.21,-0.606951676,279.999732,123,-3.975017348,1.34,109.13
11,122-40-7,alpha-Amylcinnamaldehyde,0,1.31209,0.085116761,2.5390625,0,2.25,0.6,3.9,1,NA,1,6.061,1,25.94,1,1,13.1,1,In,Skin sensitiser,Inside AD,1,In,1,In,1,1,1,1B,NA,NA,1,1B,3.989974145,-3.091347706,276.4768015,79.11526882,-2.321938165,2.733131161,202.29
12,101-85-9,alpha-Amylcinnamic alcohol,1,10.9,17.5,4.3,0,2.5,5,0,0,NA,1,3.061,1,17.7,NA,1,14.8,1,In,Skin sensitiser,Inside AD,0,In,1,In,0,0,1,1B,NA,NA,1,1B,3.680782561,-3.475031026,273.7221626,28.36418932,-2.690824814,2.55418214,204.31
13,104-46-1,Anethole,0,1.85,3.1,0.6,0,4.8,0,9.6,0,NA,NA,NA,1,96.39,NA,1,>200,1,In,Skin sensitiser,Inside AD,1,In,1,In,1,NA,1,NA,NA,NA,0,NC,3.018159941,-3.126339613,234.5,21.325,-1.154900099,1.295407356,148.2
14,62-53-3,Aniline,0,0.399997,0.799994166,0,0,4.85,0,9.7,0,0,0,-0.6674,1,550.79999999999995,0,1,62.5,1,In,Skin sensitiser,Inside AD,0,In,0,Out,1,1,1,1B,1,1B,1,1B,0.9,-0.412125458,184.1,-6,-0.309800375,0.21,93.13
15,105-13-5,Anisyl alcohol,1,26.05,1,51.1,0,0,1,NA,0,NA,NA,NA,1,822.2,NA,0,>200,0,In,Not skin sensitiser,Inside AD,1,In,0,Out,0,NA,1,1B,NA,NA,0,NC,1.1,-1.83939943,259.1,25,-1.752853777,0.724791334,138.16
16,1301152,2-(p-Anisyl)propanal,1,26.9,48.7,5.1,0,4.48,8.9600000000000009,0,1,NA,NA,NA,1,71,NA,1,5.49,1,In,Skin sensitiser,Inside AD,1,In,1,In,1,NA,1,1B,NA,NA,1,1B,2.443679222,-2.138109465,264.7182365,15.41035041,-1.805672414,1.089472059,178.23
17,478695-70-4,Applelide,NA,NA,NA,NA,0,1.65,1.17,2.13,0,NA,NA,NA,1,69,NA,1,38.89,0,In,Not skin sensitiser,Inside AD,0,In,0,In,1,NA,0,NC,NA,NA,NA,NA,4.423552034,-2.70105213,301.1932859,-28.99819635,-4.080808551,1.497394657,270.36
18,1675-54-3,BADGE,1,12.36147,20.72837724,3.994565036,1,21.8,42.5,1.1,1,NA,1,3.555,1,18.27,NA,1,9.9,1,In,Skin sensitiser,Inside AD,1,In,1,In,1,1,1,1A,NA,NA,1,1B,3.364365204,-5.481787164,351.0488275,97.73647791,-6.070273268,2.29377292,340.41
19,20048-27-5,Bandrowski���,1,50,100,0,1,45.85,87.5,4.2,1,NA,NA,NA,1,1.5999685029999999,1,1,0.88,1,In,Skin sensitiser,Inside AD,1,In,1,In,1,1,1,1A,NA,NA,NA,NA,2.634790038,-2.257505554,328.471203,252.6665165,-8.318303223,0.699292637,318.38
20,100-52-7,Benzaldehyde,NA,NA,NA,NA,0,3.6,7.2,0,1,NA,NA,NA,1,259.89999999999998,NA,1,84.9,1,In,Not skin sensitiser,Inside AD,0,In,0,Out,0,0,NA,NA,1,1A,NA,NA,1.475,-1.201546042,179,-26,0.103800301,1.097620999,106.1219406
21,2634-33-5,"1,2-Benzisothiazol-3(2H)-one",1,50,100,0,1,53.7,97.7,9.7,1,NA,NA,NA,1,0.55000000000000004,1,1,0.4,1,In,Skin sensitiser,Inside AD,1,In,1,In,1,1,1,1B,NA,NA,1,1A,0.8033232,-5.480172006,311.9095498,93.63735446,-4.844891464,0.650727925,151.19
22,94-09-7,Benzocaine,NA,NA,NA,NA,1,14.6,29.2,0,1,NA,NA,NA,1,74.2,0,1,103.4,1,In,Skin sensitiser,Inside AD,0,In,0,In,0,0,NA,NA,1,1B,1,NA,1.86,-2.296407048,310,92,-1.499571927,0.899935543,165.0789786
23,65-85-0,Benzoic acid,NA,NA,NA,NA,0,0,0,NA,0,NA,NA,NA,0,9999,0,0,>200,0,In,Not skin sensitiser,Inside AD,0,In,0,In,0,0,NA,NA,NA,NA,NA,NA,1.87,-1.540396854,249.2,122.4,-3.154900099,0.571276464,122.1213455
24,106-51-4,p-Benzoquinone,1,94.85443,98.56314282,91.1457179,1,94.96551752,98.968363139999994,90.96267191,1,1,1,6.585,1,2.2399744020000001,1,1,2.44,1,In,Skin sensitiser,Inside AD,1,In,1,In,1,1,1,1A,NA,NA,NA,NA,0.2,-0.775000533,188.687437,115.7,-1.045799957,0.216280215,108.09
25,100-51-6,Benzyl alcohol,0,0.17016,0.340319609,0,0,0,0,0,0,1,NA,NA,1,766.6,1,0,>200,0,In,Not skin sensitiser,Inside AD,0,In,1,In,0,0,0,NC,1,1B,1,1B,1.1,-0.407083017,205.3,-15.2,-1.026899868,0.795881714,108.14
26,120-51-4,Benzyl benzoate,0,1.764611,0,3.529222706,0,1.6,0.2,3,1,NA,0,-0.2436,0,9999,NA,1,>200,1,In,Skin sensitiser,Inside AD,1,In,1,In,1,1,1,1B,0,NC,0,NC,3.97,-4.140261434,323.5,21,-3.649800455,1.558711017,212.24
27,100-39-0,Benzyl bromide,1,58.43674,94.44889165,22.42458317,1,61.05,100,22.1,1,NA,1,2.391,1,2.8599696479999999,1,1,8.16,1,In,Skin sensitiser,Inside AD,1,In,1,In,1,1,1,1A,NA,NA,NA,NA,2.92,-2.812717468,201,-3,-0.346800033,1.122628016,171.03
28,85-68-7,Benzyl butyl phthalate,1,24.91148,49.82295193,0,0,0,0,0,1,NA,NA,NA,0,9999,NA,1,86.17,1,In,Skin sensitiser,Inside AD,0,In,0,In,0,0,0,NC,NA,NA,NA,NA,4.82,-5.254960471,370,77.38755335,-5.083500256,1.21,312.36
29,103-41-3,Benzyl cinnamate,0,0,0,0,0,2.71,2.1800000000000002,3.24,1,NA,1,0.2076,0,9999,1,1,176.6,1,In,Skin sensitiser,Inside AD,1,In,1,In,1,1,1,1B,NA,NA,1,1B,3.621872105,-4.476033119,350,39,-5,2.065583998,238.28
30,118-58-1,Benzyl salicylate,0,0,0,0,0,2.65,3.8,1.5,1,NA,0,-0.01764,0,9999,1,1,66.2,1,In,Skin sensitiser,Inside AD,1,In,1,In,1,1,1,1B,NA,NA,0,NC,3.106219203,-3.479740876,325.4988776,67.14649813,-6.192181387,1.404229193,228.24
31,122-57-6,Benzylidene acetone,1,22.32789,44.65577026,0,1,48.08865602,94.677312040000004,1.5,1,1,1,13.25,1,25.799612840000002,1,1,3.01,1,In,Skin sensitiser,Inside AD,1,In,1,In,1,1,1,NA,1,1A,NA,NA,2.07,-1.882852441,261.5,41.75,-1.90659933,1.665884927,146.19
32,192337,BGE,1,10.51236,16.88538489,4.139342659,1,39.4,67.3,11.5,1,1,NA,NA,0,9999,1,1,148.9,1,In,Skin sensitiser,Inside AD,1,In,1,In,1,1,1,1B,1,1A,1,1B,0.63,-0.813501355,165,-69.31840034,0.50509976,0.528131975,130.18
33,1565-94-2,Bis-GMA,1,29.35393,58.70786721,0,1,35.6,35.6,NA,1,NA,NA,NA,0,9999,1,1,5.31,1,In,Not skin sensitiser,Inside AD,1,In,1,In,1,1,1,1B,NA,NA,NA,NA,6.07025108,-3.671596523,445.257759,169.378017,-8.572192653,1.316044606,512.59
34,18127-01-0,Bourgeonal,1,20.25,36.2,4.3,1,9.31,17.649999999999999,0.97,0,NA,NA,NA,1,27.16,NA,1,10.33,1,In,Skin sensitiser,Inside AD,1,In,1,In,1,NA,1,1B,NA,NA,1,1B,4.027346795,-2.999713844,258.6595896,15.24920118,-0.863125754,2.875770544,190.28
35,109-65-9,1-Bromobutane,NA,NA,NA,NA,1,7.49,13.78,1.2,0,NA,NA,NA,1,244,0,0,>200,0,In,Skin sensitiser,Inside AD,0,In,0,In,0,0,NA,NA,NA,NA,NA,NA,2.75,-2.284442871,101.3,-112.4,1.622899646,1.163832712,137.0182648
36,111-25-1,1-Bromohexane,1,5.966313,11.93262659,0,1,41.15,14.1,68.2,1,NA,NA,NA,0,9999,inconclusive,1,>200,1,In,Skin sensitiser,Inside AD,0,In,0,In,1,1,1,1B,NA,NA,NA,NA,3.8,-3.809366765,155.3,-84.7,0.590599998,2.579751662,165.07
37,35691-65-7,Bromothalonil,1,55.18013,99.96026332,10.4,1,64.3,100,28.6,1,1,1,2.858,1,9.42,1,1,3,1,In,Skin sensitiser,Inside AD,1,In,1,In,1,1,1,1A,NA,NA,1,1A,1.889579789,-1.06315695,256.837469,52,-2.552965532,1.617734191,265.93
38,71-36-3,Butan-1-ol,0,0.387623,0.066941049,0.708305062,0,0.6,0,1.2,0,0,0,-1.274,0,9999,0,0,>200,0,In,Not skin sensitiser,Inside AD,0,In,0,Out,0,0,0,NC,NA,NA,0,NC,0.88,-0.024141792,117.85,-89.8,0.826100082,0.68307925,74.12
39,112-07-2,2-Butoxyethyl acetate,0,0.45,0.5,0.4,0,0,-0.52,0.27,0,NA,NA,NA,0,9999,NA,0,>200,0,In,Not skin sensitiser,Inside AD,0,In,0,In,0,0,0,NC,NA,NA,NA,NA,1.008306581,-1.250399713,192,-63,-0.426000003,0.505977608,160.21
40,141-32-2,Butyl acrylate,1,39.17205,72.62151578,5.722583659,1,92.55,100,85.1,1,1,NA,NA,1,183.99881679999999,NA,1,6.03,1,In,Skin sensitiser,Inside AD,1,In,1,In,1,1,1,1B,NA,NA,NA,NA,2.36,-1.806800242,145,-64.6,0.736599657,0.524347728,128.17
41,6485-40-1,L-Carvone,1,10.78259,20.24820186,1.316978524,1,12.85,25.1,0.6,1,NA,NA,NA,1,95,NA,1,19.399999999999999,1,In,Skin sensitiser,Inside AD,1,In,1,In,1,1,1,1B,1,1B,1,1B,2.36,-2.06079421,230.1666667,8.78346003,-0.987601508,1.01683079,150.22
42,25646-71-3,CD-3,1,50.70608,99.74738472,1.664783875,1,88.24265616,90.073775990000001,86.41153633,1,NA,NA,NA,1,10.73,NA,1,1.07,1,In,Skin sensitiser,Inside AD,1,In,1,In,1,1,1,1A,NA,NA,NA,NA,0.230950869,-3.293955264,308.7680208,169.9618476,-8.329468748,0.206536458,271.38
43,127-65-1,Chloramine-T,1,99.1,100,98.2,1,49.75,0,99.5,1,NA,NA,NA,1,259.2,1,1,41.86,1,In,N/D,Outside AD,1,In,1,In,1,NA,1,NA,NA,NA,NA,NA,-2.05281371,-2.414958221,291.696819,118.3358121,-5.227831994,0.363238343,205.66
44,1097074,3-Chloro-p-anisaldehyde,1,18.7,32.6,4.8,0,0.7455,1.52,-0.029,0,NA,NA,NA,1,69.544240930000001,NA,1,31.23,1,In,Not skin sensitiser,Inside AD,0,In,1,In,0,0,0,NC,NA,NA,NA,NA,1.87467987,-2.479085196,263.2094419,34.75873794,-2.002651504,0.751928646,170.59
45,108-90-7,Chlorobenzene,NA,NA,NA,NA,0,0.9,0.4,1.4,0,NA,0,-0.414,1,288,inconclusive,0,>200,0,In,Not skin sensitiser,Inside AD,0,In,1,In,0,0,NA,NA,NA,NA,NA,NA,2.865,-2.365973221,131.7,-45.2,1.078101407,1.25,112.5569
46,1897-45-6,Chlorothalonil,1,48.22131,95.63213158,0.810482673,1,51.3,100,2.6,1,NA,NA,NA,1,0.21,NA,NA,NA,1,In,Skin sensitiser,Inside AD,1,In,1,In,1,1,1,1A,NA,NA,NA,NA,2.975,-5.619268691,350,250,-6.244100002,1.8,265.91
47,50-53-3,Chlorpromazine,1,24.55,48.2,0.9,0,-9.8,-19.6,0,0,NA,1,1.556,1,4.21,1,1,5.7,0,Out,Skin sensitiser,Inside AD,1,In,1,In,1,NA,1,NA,1,1B,1,1B,5.41,-5.158391373,361.14937,89.07302684,-6.838714032,2.251553962,318.86
48,104-55-2,Cinnamaldehyde,1,65.11964,37.45801133,92.78126945,1,56.95,70.599999999999994,43.3,1,1,1,20.82,1,10.199999999999999,1,1,1,1,In,Skin sensitiser,Inside AD,1,In,1,In,1,1,1,1A,1,1A,1,1A,1.9,-1.97001137,246,-7.5,-1.538999982,0.939897291,132.16
49,104-54-1,Cinnamic alcohol,0,0,0,0,1,7.55,0,15.1,1,1,1,13.58,1,101.6,1,1,21.4,1,In,Skin sensitiser,Inside AD,1,In,1,In,1,1,1,1B,1,1B,1,1B,1.95,-1.018230004,250,33,-1.619799616,0.924312723,134.18
50,1885-38-7,Cinnamonitrile,NA,NA,NA,NA,0,2.02,4.04,0,1,NA,NA,NA,1,154.96,NA,1,99.47,1,In,Skin sensitiser,Inside AD,1,In,1,In,1,NA,NA,NA,1,1B,1,NA,1.96,-3.085651192,263.8,22,-1.141433095,0.969594967,129.0578492
51,5392-40-5,Citral,1,10.16215,15.05532405,5.268970503,1,51.3,85.7,16.9,1,1,1,11.39,1,8.41,1,1,3.7,1,In,Skin sensitiser,Inside AD,1,In,1,In,1,1,1,1B,1,NA,1,1B,2.997533139,-2.059999796,228,12.14829244,-0.191545939,1.340193523,152.23
52,106-22-9,Citronellol,0,0.122744,0.245487807,0,1,7.2,14.4,0,0,NA,1,0.2657,1,50.31,NA,1,25.1,1,In,Skin sensitiser,Inside AD,0,In,1,In,1,1,1,1B,0,NC,0,NC,3.91,-2.675468972,224.25,9.672964373,-1.355999865,1.662324461,156.27
53,637-07-0,Clofibrate,0,0,0,0,0,2.1,2.2999999999999998,1.9,0,NA,NA,NA,1,537.17999999999995,NA,1,>200,0,In,Not skin sensitiser,Inside AD,0,In,0,In,0,0,0,NC,NA,NA,NA,NA,3.455639127,-3.722027135,290.1254574,55.90208934,-3.638750484,1.792971002,242.6987
54,91-64-5,Coumarin,NA,NA,NA,NA,0,0.5,1,0,1,NA,NA,NA,0,9999,NA,1,151.80000000000001,1,In,Skin sensitiser,Inside AD,1,In,0,In,0,0,NA,NA,1,1B,1,NA,1.39,-1.835333013,301.7,71,-3.008800071,1.10209267,146.0367794
55,103-95-7,Cyclamen aldehyde,1,8.204893,16.40978576,0,1,9.947771124,18.895542249999998,1,1,NA,NA,NA,0,9999,1,1,30.48,1,In,Skin sensitiser,Inside AD,1,In,1,In,1,1,1,1B,NA,NA,NA,NA,3.680139264,-2.941933522,258.0632715,15.21803658,-0.713209094,2.797786118,190.28
56,3913-81-3,trans-Dec-2-enal,1,49.1,75,23.2,1,52.2999985,94.9000001,9.6999969,1,NA,NA,NA,0,9999,NA,1,4.29,1,In,Skin sensitiser,Inside AD,1,In,1,In,1,NA,1,1B,NA,NA,NA,NA,3.540334597,-3.630633457,230,-0.663541517,-1.018968134,2.164606057,154.25
57,134-62-3,DEET,1,20.62063,32.13238117,9.108880058,0,3.65,6.7,0.6,0,NA,NA,NA,0,9999,NA,1,52.9,0,In,Not skin sensitiser,Inside AD,0,In,1,In,0,0,0,NC,NA,NA,0,NC,2.18,-2.319664487,290,-45,-2.699000406,0.38,191.27
58,431-03-8,Diacetyl,1,47.13686,91.72959889,2.54412071,1,53.02095808,79.041916169999993,27,1,1,NA,NA,1,24.699954389999998,1,1,10.89,1,In,Skin sensitiser,Inside AD,1,In,1,In,1,1,1,1B,NA,NA,NA,NA,-1.34,0.473643186,88,-1.2,1.754499701,0.186590234,86.09
59,615-50-9,"2,5-Diaminotoluene sulfate",1,60.82209,99.94418547,21.7,1,46.7,78.400000000000006,15,1,NA,1,2.411,1,40,NA,1,1.7,1,In,Skin sensitiser,Inside AD,1,In,1,In,1,1,1,1A,NA,NA,1,1A,0.727215529,-0.507440023,273.409982,162.037998,-3.315667933,1.698273249,122.17
60,94-36-0,Dibenzoyl peroxide,1,92.49964,100,84.99928295,1,90.65,100,81.3,0,0,1,1.549,0,9999,inconclusive,1,26.7,1,In,Skin sensitiser,Inside AD,1,In,1,In,1,1,1,1A,1,1B,1,1B,3.46,-4.424957962,349.8920655,105,-5.001499911,1.757238778,242.23
61,103-50-4,Dibenzyl ether,1,32.2,59.9,4.5,0,5.69,11.38,0,1,NA,NA,NA,1,65.83,NA,0,>200,0,In,Not skin sensitiser,Inside AD,0,In,1,In,1,NA,1,1B,NA,NA,1,1B,3.31,-3.923017392,298,3.6,-2.987200725,2.43,198.26
62,84-74-2,Dibutyl phthalate,0,0,0,0,0,0,0,0,1,NA,NA,NA,0,9999,NA,1,97.5,0,In,Not skin sensitiser,Inside AD,0,In,0,In,0,0,0,NC,NA,NA,NA,NA,4.61,-4.395268696,340,-35,-4.696799621,2.22,278.34
63,613-29-6,"N,N-Dibutylaniline",0,0.077456,0.154912865,0,0,0,0,0,0,NA,NA,NA,0,9999,1,1,20.56,0,In,Skin sensitiser,Inside AD,1,In,1,In,1,1,1,1B,NA,NA,NA,NA,3.896666002,-3.134860232,274.8,-32.2,-1.619882711,2.755317883,205.34
64,75-35-4,"1,1-Dichloroethene",0,0.00511,0,0.010220314,0,0.40000155,0.80000309999999997,0,0,NA,NA,NA,0,9999,NA,0,>200,0,In,Not skin sensitiser,Inside AD,0,In,0,In,0,0,0,NC,NA,NA,NA,NA,2.13,-1.628656481,31.6,-122.5,2.778199744,1.11,96.94
65,141-05-9,Diethyl maleate,1,48.0018,93.00492763,2.998681307,1,92.75,100,85.5,1,1,1,12.48,1,64,1,1,7,1,In,Skin sensitiser,Inside AD,1,In,1,In,1,1,1,1B,1,1A,1,1A,0.819481905,-1.089899839,218.5,-3.65,-0.978798293,0.427876201,172.18
66,84-66-2,Diethyl phthalate,0,0.32149,0.54111768,0.101861425,0,0.4,0.8,0,0,1,NA,NA,1,296.60000000000002,1,1,121,0,In,Not skin sensitiser,Inside AD,0,In,0,In,0,0,0,NC,NA,NA,0,NC,2.445,-2.330800874,295,-40.5,-2.677799318,0.926269482,222.24
67,64-67-5,Diethyl sulfate,0,0.547426,0.594262558,0.500589327,1,17.9,26.2,9.6,1,NA,NA,NA,1,240.39968690000001,1,1,21.6,1,In,Skin sensitiser,Inside AD,1,In,1,In,1,1,1,1B,NA,NA,NA,NA,1.14,-1.342999633,208,-24,-0.673701015,0.266039841,154.18
68,111-40-0,Diethylenetriamine,1,5.731523,11.46304676,0,1,22.4,44.8,0,0,NA,NA,NA,0,9999,1,0,>200,1,In,Skin sensitiser,Inside AD,1,In,1,In,1,1,1,NA,1,1A,NA,NA,-0.828611282,0.986399962,207,-39,-0.635100208,0.65,103.17
69,119-84-6,"3,4-Dihydrocoumarin",1,12.42381,2.309172081,22.53844254,1,19.85,0,39.7,0,NA,NA,NA,1,531.69436710000002,1,0,>200,1,In,Not skin sensitiser,Inside AD,1,In,1,In,1,1,1,1B,1,NA,NA,NA,1.374982425,-1.973565091,272,25,-3.01113491,0.957386936,148.16
70,2785-87-7,Dihydroeugenol,1,21,15.3,26.7,0,6.15000155,0,12.3000031,1,NA,1,4.469,0,9999,1,1,46.8,1,In,Skin sensitiser,Inside AD,1,In,1,In,1,1,1,1B,NA,NA,NA,NA,2.647977079,-2.262610185,249.7800165,24.88739731,-2.300576643,0.911571469,166.22
71,18479-58-8,Dihydromyrcenol,NA,NA,NA,NA,0,0.985,1.97,0,0,NA,NA,NA,1,603,NA,0,>200,1,In,Skin sensitiser,Inside AD,1,In,0,Out,1,NA,NA,NA,NA,NA,NA,NA,3.05854829,-2.731047722,207.957665,-17.61188652,-1.03582939,1.708050143,156.2651978
72,624-49-7,Dimethyl fumarate,1,52.35,100,4.7,1,71.45,100,42.9,1,NA,NA,NA,1,3.94,NA,1,1.4,1,In,Skin sensitiser,Inside AD,1,In,1,In,1,NA,1,1A,NA,NA,1,1A,0.22,-0.257286852,197.5,-12.94375238,-0.522771083,0.412540772,144.13
73,109-55-7,3-(Dimethylamino)propylamine,1,19.91657,39.8331448,0,0,5.1,10.199999999999999,0,1,NA,1,3.674,1,82.1,1,1,103.2,1,In,Skin sensitiser,Inside AD,1,In,1,In,1,1,1,1B,NA,NA,1,1A,0.035937019,0.990691289,133,-60,1,0.326048497,102.18
74,886-38-4,Diphenylcyclopropenone,1,37.31284,70.20701203,4.4186676,1,49.4,98.8,0,1,NA,NA,NA,1,3.92,1,1,0.2,1,In,Not skin sensitiser,Inside AD,0,In,1,In,1,1,1,1A,NA,NA,1,1A,3.505959509,-3.84425338,345.3592546,119,-5.021473316,2.162037887,206.24
75,2498-95-5,Disodium 2-[4-[[2-cyano-3-[4-[methyl(2-sulphonatoethyl)amino]phenyl]-1-oxoallyl]amino]phenyl]-6-methylbenzothiazole-7-sulphonate,NA,NA,NA,NA,1,50,NA,100,0,0,NA,NA,1,12,NA,NA,NA,1,In,Skin sensitiser,Inside AD,1,In,1,In,0,NA,NA,NA,NA,NA,NA,NA,3.167342677,-3.057611746,365.8782493,217.7423886,-7.129931896,0.700888343,612.6970825
76,67-68-5,DMSO,0,0.1,0.2,0,0,0.8,0.4,1.2,0,NA,0,-1.249,1,4894.5200000000004,NA,0,>200,0,In,Not skin sensitiser,Inside AD,0,In,0,In,0,0,1,1B,0,NC,0,NC,-1.35,1.107199791,189,18.5,-0.214700068,0.6,78.13
77,885-62-1,"DNBS, sodium salt",1,33.35,65.1,1.6,1,60.80000065,94.199999800000001,27.4000015,1,NA,NA,NA,1,371.8116508,NA,1,58.08,1,In,Not skin sensitiser,Inside AD,1,In,1,In,1,NA,1,1A,NA,NA,NA,NA,-2.39698734,0.376060859,290.104599,163.618467,-6.424087081,0.682665749,248.17
78,97-00-7,DNCB,1,53.8548,100,7.709607186,1,57.35,100,14.7,1,1,1,3.294,1,1.92,1,1,<1,1,In,Skin sensitiser,Inside AD,1,In,1,In,1,1,1,1A,1,1A,1,1A,2.17,-3.649221615,315,53,-4.071099983,1.702650736,202.55
79,97-90-5,EGDMA,1,13.23228,22.90910619,3.555461726,1,49.85,87.3,12.4,1,1,1,10.83,1,535.42999999999995,1,1,80.900000000000006,1,In,Skin sensitiser,Inside AD,0,In,1,In,1,1,1,1B,NA,NA,1,1B,1.513550153,-0.857964261,225.0039803,58.42532976,-1.358946309,0.494176885,198.22
80,140-88-5,Ethyl acrylate,1,55.8951,100,11.79019323,1,96.05,96.4,95.7,1,1,NA,NA,1,10.9,NA,1,5.5,1,In,Skin sensitiser,Inside AD,1,In,1,In,1,1,1,1B,1,1B,1,1B,1.32,-0.782077593,99.4,-71.2,1.586599681,0.615966657,100.12
81,94-02-0,Ethyl benzoylacetate,NA,NA,NA,NA,0,6.05,11.2,0.9,1,NA,NA,NA,0,9999,0,0,>200,0,In,Not skin sensitiser,Inside AD,1,In,0,In,0,0,NA,NA,NA,NA,NA,NA,1.87,-1.83092032,276.0678756,49.32632299,-3.389300454,0.899318869,192.2111816
82,121-32-4,Ethyl vanillin,0,1.840989,3.325152403,0.356825439,0,5.382268796,1.0645375909999999,9.7,1,NA,NA,NA,0,9999,1,1,65.989999999999995,1,In,Not skin sensitiser,Inside AD,0,In,1,In,0,0,0,NC,NA,NA,NA,NA,1.595,-1.769950752,294,77.5,-4.984200304,0.698249648,166.17
83,97-96-1,2-Ethylbutanal,1,58.86889,100,17.73777528,1,57.35,54.5,60.2,1,NA,1,0.2324,1,460.18578280000003,NA,0,>200,1,In,Skin sensitiser,Inside AD,1,In,1,In,1,1,1,1B,NA,NA,NA,NA,1.699080682,-1.163502869,118.9612535,-62.04700505,1.110070515,0.807088705,100.16
84,105-95-3,Ethylene brassylate,NA,NA,NA,NA,0,0.5,0.3,0.6,0,NA,NA,NA,1,170,NA,1,74.52,0,In,Not skin sensitiser,Inside AD,0,In,0,In,0,0,NA,NA,NA,NA,NA,NA,3.724011485,-2.720965758,292.2844304,30.28469445,-5.695141706,1.160734565,270.3645325
85,107-15-3,Ethylene diamine (free base),0,2.934293,5.523794868,0.344790213,0,1.7,3.4,0,1,0,0,-0.8018,1,265.7,1,1,16.100000000000001,1,In,Skin sensitiser,Inside AD,1,In,1,In,1,1,1,1B,NA,NA,1,1B,-2.04,1.22110112,117,11.1,1.079199341,0.494290565,60.1
86,103-11-7,2-Ethylhexyl acrylate,1,41.64044,72.10480907,11.17606468,1,56.45,78.8,34.1,1,1,NA,NA,1,99.959077339999993,1,1,15.14,1,In,Skin sensitiser,Inside AD,1,In,1,In,1,1,1,1B,NA,NA,NA,NA,4.198719068,-3.262568756,213.5,-90,-0.749599517,1.93617427,184.28
87,97-53-0,Eugenol,1,34.85905,58.7563377,10.96175314,1,14.2,9.1999999999999993,19.2,0,1,1,4.615,1,64.400000000000006,1,1,29.4,1,In,Skin sensitiser,Inside AD,1,In,1,In,1,1,1,1B,1,1B,1,1B,2.27,-2.290800985,253.2,-9.1,-1.64549972,0.850146407,164.2
88,502-67-0,Farnesal,1,43.95,77.2,10.7,1,12.45000075,16.400001499999998,8.5,1,0,NA,NA,1,13.33987606,1,1,5.88,1,In,Skin sensitiser,Inside AD,1,In,1,In,1,1,1,1B,NA,NA,NA,NA,4.852019919,-3.433072961,288.0439515,7.426228519,-1.092341641,1.865268754,220.35
89,4602-84-0,Farnesol,1,12.14411,24.2882298,0,0,3.65,7.3,0,1,1,1,1.414,1,21,NA,1,8,1,In,Skin sensitiser,Inside AD,1,In,1,In,1,NA,1,1B,1,1B,1,1B,4.911558726,-4.10112019,277.7046326,21.78183002,-2.63833848,2.014809667,222.37
90,369-36-8,2-Fluoro-5-nitroaniline,0,3.605893,7.211785945,0,0,4.25,7.8,0.7,1,NA,NA,NA,0,9999,NA,1,132.6,1,In,Skin sensitiser,Inside AD,0,In,0,In,0,0,0,NC,NA,NA,NA,NA,1.57774046,-2.797963931,294.542825,108.7170832,-4.36801322,0.719761696,156.11
91,50-00-0,Formaldehyde,1,20.71069,41.42137773,0,1,35.8,60.4,11.2,1,1,1,3.226,1,4.3,1,1,5.7,1,In,Skin sensitiser,Inside AD,1,In,1,In,1,1,1,NA,1,1A,1,1A,0.35,1.167081857,-19.1,-105.2842595,2.916442711,0.238017193,30.03
92,492-94-4,Furil,NA,NA,NA,NA,1,52.35,95.8,8.9,1,NA,NA,NA,0,1901.52,inconclusive,1,19.71,0,In,Skin sensitiser,Inside AD,0,In,1,In,0,0,NA,NA,NA,NA,NA,NA,1.24,-2.391111409,287.9610895,164,-2.99314351,0.846767776,190.1522369
93,106-24-1,Geraniol,1,6.104349,12.20869773,0,0,5,0,10,1,NA,1,0.8884,1,123.03,1,1,53.6,1,In,Skin sensitiser,Inside AD,1,In,1,In,1,1,1,1B,1,1B,1,1B,3.56,-2.825649403,227.5,6.783875437,-1.522699274,0.881352838,154.25
94,111-30-8,Glutaraldehyde,1,45.1563,20.14466713,70.16793154,1,57.8,30.2,85.4,1,1,NA,NA,1,2.7,1,1,83,1,In,Skin sensitiser,Inside AD,1,In,1,In,1,1,1,1A,1,1A,1,1A,-0.138384103,0.222716471,129.0756606,-11.90238329,-0.221800256,0.307188134,100.12
95,56-81-5,Glycerol,0,0.034038,0,0.068076111,0,1.05,0,2.1,0,0,0,-0.7444,0,9999,0,0,>200,0,In,Not skin sensitiser,Inside AD,0,In,0,Out,0,0,0,NC,NA,NA,0,NC,-1.86,1.079299166,290,18.2,-3.774701059,0.434612922,92.09
96,107-22-2,Glyoxal,1,10.50119,20.17551301,0.826874428,1,62.15,56.5,67.8,1,1,NA,NA,1,286.7,1,1,32.6,1,In,Skin sensitiser,Inside AD,1,In,1,In,1,1,1,1A,1,1A,1,1A,-0.075146228,1.236300401,50.4,15,2.406499304,0.114405362,58.04
97,1205-17-0,Helional,NA,NA,NA,NA,1,24.295,44.85,3.74,1,NA,NA,NA,1,93.05,NA,1,8.83,1,In,Skin sensitiser,Inside AD,1,In,1,In,1,1,1,1B,NA,NA,0,NC,1.89637461,-2.170675265,282.2320199,78.40077241,-3.142085362,0.792240862,192.21
98,5910-85-0,"Hepta-2,4-dienal",1,47.99577,82.0973629,13.89418524,1,60.6,97.3,23.9,1,NA,NA,NA,1,3.5099586330000001,1,1,<1,1,In,Skin sensitiser,Inside AD,1,In,1,In,1,1,1,1B,NA,NA,NA,NA,1.751398314,-1.240888677,171.0583552,84.5,-0.145780099,0.903538244,110.15
99,110-54-3,n-Hexane,0,1.0541,1.074972036,1.0332282,0,0,0,0,0,0,0,-1.127,0,9999,NA,0,>200,0,In,Not skin sensitiser,Inside AD,N/A,Out,0,In,0,0,0,NC,0,NC,0,NC,3.9,-3.899076842,68.7,-95.3,2.17979874,2.096689859,86.18
100,6728-26-3,trans-Hex-2-enal,1,33.33655,46.60550324,20.06758738,1,50.75,97.9,3.6,1,NA,NA,NA,1,5.7,1,1,4,1,In,Skin sensitiser,Inside AD,1,In,1,In,1,1,1,1B,1,1A,1,1A,1.100624737,-1.017801533,146.5,-50.8234191,1.325742577,1.052817121,98.14
101,6259-76-3,Hexyl salicylate,0,0,0,0,0,2.65,3.9,1.4,0,0,1,1.293,1,52.73,inconclusive,1,27.3,0,In,Not skin sensitiser,Inside AD,1,In,0,In,1,1,1,NA,0,NC,1,1B,5.5,-3.547795404,271.8188864,25.5383341,-4.578604743,1.454172245,222.28
102,101-86-0,alpha-Hexylcinnamaldehyde,0,0.580203,1.160406579,0,0,0,0,0,1,1,1,1.169,0,9999,1,1,4.9000000000000004,1,In,Skin sensitiser,Inside AD,1,In,1,In,1,1,1,1B,NA,NA,0,NC,4.338522206,-3.719147883,278.9160953,39.2,-2.571143224,2.632649554,216.32
103,17373-89-6,2-Hexylidenecyclopentanone,1,56.55,98,15.1,1,47.5,92.2,2.9,1,NA,NA,NA,NA,NA,NA,NA,NA,1,In,Skin sensitiser,Inside AD,1,In,1,In,1,NA,1,1B,1,1A,1,1A,3.171512719,-2.524735049,245.1651712,23.24942464,-1.1025182,1.745139117,166.26
104,85-42-7,HHPA,1,50.65,3.4,97.9,1,25.1499977,15.6999969,34.5999985,0,NA,NA,NA,0,9999,NA,0,>200,1,In,Skin sensitiser,Inside AD,1,In,1,In,1,1,1,1A,NA,NA,NA,NA,0.99089127,-0.926613764,252.3273901,74.10830306,-2.784691676,0.398160182,154.16
105,93-53-8,Hydratropaldehyde,1,19.44927,26.11656096,12.78198467,1,34.68516301,48.170326009999997,21.2,1,1,NA,NA,1,38.199461880000001,1,1,3.76,1,In,Skin sensitiser,Inside AD,1,In,1,In,1,1,1,1B,1,1B,NA,NA,2.025292579,-1.656408253,203.5,14.92079771,-0.568599242,1.154711482,134.18
106,50-23-7,Hydrocortisone,1,8.85,15.4,2.3,1,61,39.1,82.9,1,0,1,0.8579,0,9999,NA,0,>200,1,In,Skin sensitiser,Inside AD,0,In,0,Out,0,0,NA,NA,0,NC,0,NA,1.61,-3.008726396,389.2956764,218.572596,-9.448612369,0.224574966,362.2093241
107,123-31-9,Hydroquinone,1,79.05891,100,58.11781123,1,67.2,83.3,51.1,1,NA,1,5.612,1,2.13,1,1,0.6,1,In,Skin sensitiser,Inside AD,1,In,1,In,1,1,1,1A,NA,NA,1,1B,0.59,-0.183871228,287,172.3,-4.619799616,0.959648294,110.11
108,99-96-7,4-Hydroxybenzoic acid,0,0.782986,1.565972777,0,0,1.081530782,0,2.163061564,0,0,0,-0.4657,0,9999,0,0,>200,0,In,Not skin sensitiser,Inside AD,0,In,1,Out,0,0,0,NC,NA,NA,NA,NA,1.58,-1.430464455,257.832678,214.5,-6.716701033,0.684745781,138.12
109,107-75-5,Hydroxycitronellal,1,22.59574,36.31754161,8.873945148,1,12,17.5,6.5,1,1,NA,NA,1,26.8,1,1,6.4,1,In,Skin sensitiser,Inside AD,1,In,1,In,1,1,1,1B,1,1B,1,1B,3.06131801,-2.004246291,241,-35.29515748,-2.885144789,1.164160898,172.26
110,818-61-1,2-Hydroxyethyl acrylate,1,61.31553,100,22.63106195,1,90.75,92.6,88.9,1,NA,1,7.333,1,10.8,0,1,2.1,1,In,Skin sensitiser,Inside AD,1,In,0,Out,1,1,1,1A,NA,NA,1,1B,-0.21,0.935555391,191,-26.66248823,-1.281499972,0.592982973,116.12
111,923-26-2,2-Hydroxypropyl methacrylate,1,7.175179,13.72087873,0.629480091,1,29.19532325,58.390646490000002,0,1,NA,NA,NA,0,9999,0,1,94.83,1,In,Skin sensitiser,Inside AD,1,In,0,Out,0,0,0,NC,NA,NA,NA,NA,0.97,0.221553792,176.4894646,-39.58353748,-0.934477193,0.479800622,144.17
112,39236-46-9,Imidazolidinyl urea,1,30.12103,60.01634074,0.225726052,1,26.8,52.3,1.3,1,1,NA,NA,1,39.299999999999997,1,1,11.4,1,In,N/D,Outside AD,1,In,1,In,1,1,1,1B,1,1B,1,1B,-0.859706635,-2.716073375,322.2244602,144.8568765,-10.26769975,0.41736067,388.29
113,55406-53-6,Iodocarb,1,50,100,0,1,49.85,99.7,0,1,NA,NA,NA,1,8.15,1,1,2,0,Out,Not skin sensitiser,Inside AD,1,In,1,In,1,NA,1,1A,NA,NA,1,1B,2.090610433,-1.706749355,275.1025638,57.18517653,-3.00047315,0.951187243,281.09
114,638-45-9,1-Iodohexane,0,0,0,0,1,16.8,32.200000000000003,1.4,1,NA,NA,NA,1,91.011244289999993,NA,1,38.270000000000003,1,In,Skin sensitiser,Inside AD,0,In,1,Out,0,0,0,NC,NA,NA,NA,NA,3.998069989,-4.265210016,181,-74.2,0.146698448,2.743235146,212.07
115,68683-20-5,Isobergamate,NA,NA,NA,NA,1,8.505,8.76,8.25,1,NA,NA,NA,1,357.1,NA,NA,NA,1,In,Skin sensitiser,Inside AD,1,In,1,In,1,NA,NA,NA,1,1B,1,NA,3.491486879,-2.636640165,249.0064414,21.52702815,-1.461811344,1.47715368,194.1306798
116,125-12-2,Isobornyl acetate,NA,NA,NA,NA,0,0.2,0.4,0,0,NA,NA,NA,1,75,NA,0,>200,0,In,Not skin sensitiser,Inside AD,0,In,0,Out,0,NA,NA,NA,NA,NA,NA,NA,4.3,-3.720102658,221.045475,29.15184072,-0.645342321,1.616354841,196.2860107
117,6658-48-6,p-Isobutyl-alpha-methylhydrocinnamaldehyde,NA,NA,NA,NA,0,1.365,2.73,0,0,NA,NA,NA,1,71.8,NA,1,4.5599999999999996,1,In,Skin sensitiser,Inside AD,1,In,1,In,1,NA,1,1B,NA,NA,1,1B,3.867083126,-3.65188525,278.7697273,21.27357476,-0.950960191,2.825441216,204.31
118,63500-71-0,2-Isobutyl-4-methyltetrahydro-2H-pyran-4-ol,NA,NA,NA,NA,0,2.23,1.34,3.12,0,NA,NA,NA,1,421,NA,1,188.81,0,In,Not skin sensitiser,Inside AD,0,In,0,In,0,NA,NA,NA,NA,NA,NA,NA,2.882675173,-0.183007038,218.0196943,29.2543276,-2.625388083,0.691289268,172.2646027
119,97-54-1,Isoeugenol,1,57.09783,93.4845549,20.71109683,1,50,89.3,10.7,1,1,1,9.677,0,9999,1,1,44.8,1,In,Skin sensitiser,Inside AD,1,In,1,In,1,1,1,1A,1,1B,1,1A,3.04,-2.274711345,266,11.75,-1.922301503,1.033038207,164.2
120,127-51-5,alpha-Isomethylionone,1,9.042173,18.08434697,0,0,2.895,5.38,0.41,0,NA,NA,NA,1,52.47,1,1,22.3,1,In,Skin sensitiser,Inside AD,1,In,1,In,1,1,1,1B,0,NC,0,NC,4.381670642,-2.978719211,271.2046191,15.54426335,-1.256498492,2.312512372,206.32
121,67-63-0,Isopropanol,0,0,0,0,0,0.25,0,0.5,0,0,0,-0.8329,0,9999,0,0,>200,0,In,Not skin sensitiser,Inside AD,0,In,0,Out,0,0,0,NC,NA,NA,0,NC,0.05,0.957069478,82.3,-89.5,1.657200275,0.662586558,60.1
122,110-27-0,Isopropyl myristate,0,0.324958,0.649916151,0,0,0.4,0.8,0,0,NA,0,-1.011,1,247.1,NA,0,>200,0,In,Expected positive in LLNA only,Inside AD,0,In,0,In,1,1,1,1B,NA,NA,0,NC,6.903239979,-7.289882635,292.4093028,3,-4.029200001,2.901281493,270.45
123,59-01-8,Kanamycin,0,0.6,0.5,0.7,1,7.2,5.4,8.999,0,NA,0,-1.204,0,9999,NA,0,>200,1,In,Not skin sensitiser,Inside AD,1,In,1,In,0,NA,0,NC,1,1B,NA,NA,-3.88,NA,NA,NA,NA,NA,NA
124,55965-84-9,Kathon CG,1,50,100,0,1,47.6,90.9,4.3,1,1,NA,NA,1,2.21,NA,1,11.17,1,In,Skin sensitiser,Inside AD,1,In,NA,NA,1,NA,1,1A,1,1A,NA,NA,NA,NA,NA,NA,NA,NA,NA
125,50-21-5,Lactic acid,0,0.141116,0.190641998,0.091589241,0,0.4,0,0.8,0,0,0,-0.8028,0,9999,0,0,>200,0,In,Not skin sensitiser,Inside AD,0,In,0,In,0,0,0,NC,NA,NA,0,NC,-0.72,1.045401223,208.6913043,40.8667,-1.089899839,0.622909475,90.08
126,1166-52-5,Lauryl gallate,1,93.2444,100,86.48879444,1,49.8,90.9,8.7,1,NA,1,2.622,1,2.02,1,1,0.7,1,In,Skin sensitiser,Inside AD,1,In,1,In,1,1,1,1A,NA,NA,1,1A,4.637660094,-3.303403786,386.654037,96.5,-8.916000358,2.69003701,338.44
127,80-54-6,Lilial,1,11.24332,20.37900128,2.107644383,1,7.35,14,0.7,0,NA,1,2.506,1,44.6,1,1,8.9,1,In,Skin sensitiser,Inside AD,1,In,1,In,1,1,1,1B,1,1B,1,1B,3.942317319,-3.654061965,278.3914855,21.52415745,-0.712607506,2.831466247,204.31
128,5989-27-5,D-Limonene,1,16.54074,33.08148452,0,0,3.1,4.9000000000000004,1.3,0,NA,1,0.7153,1,216.7,1,1,30,1,In,Skin sensitiser,Inside AD,1,In,1,In,1,1,1,1B,NA,NA,0,NC,4.515,-4.035033171,176,-86.4333,0.189799011,2.394267035,136.23
129,78-70-6,Linalool,0,0.008843,0.017686594,0,0,3.95,0,7.9,0,NA,1,0.1742,1,68.3,1,1,41.4,1,In,Skin sensitiser,Inside AD,1,In,1,In,0,0,1,1B,NA,NA,1,1B,2.97,-1.989980346,197.5,-23.84406866,-0.795899018,0.888014145,154.25
130,108-31-6,Maleic anhydride,1,98.493,100,96.9860043,1,70.5,100,41,0,NA,NA,NA,1,298.40025800000001,NA,0,>200,1,In,Skin sensitiser,Inside AD,1,In,1,In,1,1,1,1A,NA,NA,NA,NA,-0.424840817,-0.107930169,202,52.8,-0.602099948,0.133019215,98.06
131,149-30-4,2-Mercaptobenzothiazole,1,50,100,0,1,48.75,97.5,0,1,1,1,2.279,1,57.5,1,1,39.799999999999997,1,In,Skin sensitiser,Inside AD,0,In,1,In,1,1,1,1A,1,1B,1,1B,2.415,-3.170565479,289.3905918,181,-5.365727679,0.9,167.25
132,93-51-6,2-Methoxy-p-cresol,1,9.197987,8.990070387,9.405903429,0,5.75,0,11.5,0,NA,NA,NA,1,30.8,1,1,13.3,1,In,Skin sensitiser,Inside AD,1,In,1,In,1,1,1,1B,NA,NA,1,1A,1.483922429,-1.856687848,221,5.5,-1.715127609,0.911315812,138.16
133,104-27-8,1-(4-Methoxyphenyl)pent-1-en-3-one,1,6.511771,10.74906472,2.274477175,1,22.083416,29.912811300000001,14.2540207,1,NA,1,14.24,1,39.300073859999998,NA,NA,NA,1,In,Skin sensitiser,Inside AD,1,In,1,In,1,1,1,1B,1,1A,NA,NA,2.523648162,-2.191093194,272.4044804,16.9155152,-2.404005059,1.080374447,190.24
134,96-33-3,Methyl acrylate,1,55.55,100,11.1,1,90.7000002,99.3,82.1000004,1,1,1,5.517,1,7.9500003919999997,NA,1,11.81,1,In,Skin sensitiser,Inside AD,1,In,1,In,1,1,1,1B,NA,NA,NA,NA,0.8,-0.230571903,80.2,-76.5,1.937300189,0.604834344,86.09
135,3395-91-3,Methyl 3-bromoproprionate,1,58.3537,100,16.70739881,1,92.1,99.8,84.4,1,NA,NA,NA,0,9999,NA,1,11.35,0,In,Not skin sensitiser,Inside AD,0,In,0,In,0,0,0,NC,NA,NA,NA,NA,1.170615419,-0.763536929,165.4727746,-16.02880873,0.593520626,0.453189944,167
136,24851-98-7,Methyl dihydrojasmonate,NA,NA,NA,NA,0,3.205,5.91,0.5,0,NA,NA,NA,1,426,NA,NA,NA,0,In,Not skin sensitiser,Inside AD,0,In,0,Out,0,0,NA,NA,NA,NA,NA,NA,3.563808582,-2.907598704,275.0713008,-10,-2.773592992,0.940066621,226.3119812
137,80-62-6,Methyl methacrylate,0,3.436985,6.873969925,0,1,23.35,36.700000000000003,10,1,1,NA,NA,1,479.72,inconclusive,1,156.80000000000001,1,In,Skin sensitiser,Inside AD,1,In,0,In,1,1,1,1B,NA,NA,1,1B,1.38,-0.812077928,100.5,-48,1.585500209,0.612682214,100.12
138,66-27-3,Methyl methanesulphonate,1,14.41409,21.3288193,7.499356482,1,51.65,93,10.3,1,NA,NA,NA,0,9999,NA,1,2.44,1,In,Skin sensitiser,Inside AD,1,In,1,In,1,1,1,1B,NA,NA,NA,NA,0.202635875,0.245562969,203,20,-0.143370808,0.507524754,110.13
139,111-80-8,Methyl non-2-ynoate,1,21.40656,42.81311126,0,1,51.6,100,3.2,1,NA,NA,NA,1,91.8,1,1,18,1,In,Skin sensitiser,Inside AD,1,In,1,In,1,1,1,NA,1,NA,1,1A,2.930258592,-3.285127063,205.9592968,-67.48495249,-0.462525135,2.134520802,168.23
140,111-12-6,Methyl oct-2-ynoate,1,46.68006,93.29596221,0.064149757,1,48.6,97.2,0,1,NA,1,0.008743,1,28,NA,1,39.1,1,In,Skin sensitiser,Inside AD,1,In,1,In,1,1,1,1A,1,1A,1,1A,2.796182649,-2.588102457,218.5,-67.08824379,0.248735792,0.889619996,154.21
141,600-22-6,Methyl pyruvate,0,0,0,0,0,5.9,0,11.8,0,NA,NA,NA,0,9999,NA,0,>200,1,In,Skin sensitiser,Inside AD,1,In,1,In,1,1,1,1B,NA,NA,NA,NA,-0.130729194,0.018376436,135.5,-55.59870688,0.301869409,0.197840849,102.09
142,89-71-4,Methyl o-toluate,NA,NA,NA,NA,NA,NA,NA,NA,NA,NA,NA,NA,NA,NA,NA,0,>200,0,In,Not skin sensitiser,Inside AD,0,In,1,Out,0,NA,NA,NA,NA,NA,NA,NA,2.75,-2.164997891,215,1.182426721,-1.163705259,0.642954528,150.1744995
143,23911-56-0,1-(3-Methyl-2-benzofuranyl)ethanone,NA,NA,NA,NA,0,0.4,0.3,0.5,0,NA,NA,NA,1,62,NA,0,>200,0,In,Not skin sensitiser,Inside AD,0,In,0,Out,0,NA,NA,NA,NA,NA,NA,NA,2.558195278,-2.015347177,275.8824533,75.95563826,-4.079866654,0.795594956,174.1959076
144,101-39-3,alpha-Methylcinnamaldehyde,1,29.33588,57.05920103,1.612566674,1,19.6,10.4,28.8,1,NA,NA,NA,1,40.299999999999997,1,1,9,1,In,Skin sensitiser,Inside AD,1,In,1,In,1,1,1,1B,NA,NA,1,1B,2.215058297,-1.693081672,251.6,28.77737465,-1.823900055,1.464324364,146.19
145,92-48-8,6-Methylcoumarin,NA,NA,NA,NA,0,2.7,1.4,4,1,1,NA,NA,0,9999,inconclusive,1,93.78,1,In,Skin sensitiser,Inside AD,1,In,1,Out,0,0,NA,NA,NA,NA,NA,NA,1.556885355,-2.272403727,304,76.5,-3.138759527,0.79087449,160.1693268
146,69300-15-8,2-Methyldecanenitrile,NA,NA,NA,NA,0,2.3,3,1.6,0,NA,NA,NA,1,119,NA,1,<10,0,In,Not skin sensitiser,Inside AD,0,In,0,In,1,NA,0,NC,NA,NA,NA,NA,3.537452803,-4.648702493,244.2810761,-3.883262457,-1.079817184,1.904726303,167.29
147,1604-28-0,"6-Methylhepta-3,5-dien-2-one",NA,NA,NA,NA,1,12.305,21.52,3.09,1,NA,NA,NA,1,54.4,NA,1,9.31,1,In,Skin sensitiser,Inside AD,1,In,1,In,0,NA,NA,NA,1,1A,1,NA,1.886710887,-1.238231684,197.3556494,-1.256519166,0.102992803,1.044039137,124.088815
148,13706-86-0,"5-Methylhexane-2,3-dione",1,45.21089,16.20632888,74.21545359,1,16.65,25.8,7.5,1,NA,1,2.334,1,211.6,1,1,54.8,1,In,Skin sensitiser,Inside AD,1,In,1,In,1,1,1,1B,1,1B,1,1B,0.873992078,-1.162429468,138,10.41835241,0.028428817,0.513707292,128.17
149,2682-20-4,Methylisothiazolinone,1,39.45082,78.9016417,0,1,48.95,97.9,0,1,NA,1,2.126,1,7.89,1,1,9,1,In,Skin sensitiser,Inside AD,1,In,1,In,1,1,1,1A,1,1A,1,1A,-0.097461601,-0.497885543,153.8948401,131.0966678,0.349105942,0.309107474,115.15
150,119-10-8,4-Methyl-2-nitroanisole,0,0.365773,0.731546398,0,0,0.15,0,0.3,1,NA,NA,NA,1,86.699458930000006,NA,1,150.47999999999999,0,In,Not skin sensitiser,Inside AD,0,In,0,Out,0,0,0,NC,NA,NA,NA,NA,2.200131834,-2.687435799,266.1955812,29.90263666,-3.076741016,1.018795712,167.16
151,99-76-3,Methylparaben,0,0.331076,0.662151561,0,0,1.79999925,3.5999984999999999,0,1,1,NA,NA,0,9999,NA,1,103.35,0,In,Not skin sensitiser,Inside AD,0,In,1,Out,0,0,0,NC,NA,NA,NA,NA,1.96,-1.76243097,272.9252858,131,-2.966974916,0.852300792,152.15
152,110-41-8,2-Methylundecanal,1,8.45,16.9,0,1,50,100,0,1,NA,1,1.029,0,9999,NA,1,60.75,1,In,Skin sensitiser,Inside AD,1,In,1,In,1,1,1,1B,NA,NA,NA,NA,4.799817388,-4.018066801,171,27.15985126,-1.675604399,2.81421245,184.32
153,55-55-0,Metol,1,59.55413,100,19.1082674,1,72.35,100,44.7,1,1,1,3.561,1,12.7,NA,1,<1,1,In,Skin sensitiser,Inside AD,1,In,1,In,1,1,1,1A,NA,NA,1,1B,0.631619883,-0.922073653,276.7345493,159.9053325,-2.518159006,0.729341803,123.15
154,90-15-3,1-Naphthol,1,42.7192,70.94166372,14.49673081,1,19.6,21.8,17.4,1,NA,NA,NA,1,12.69981694,1,1,2.5099999999999998,1,In,Skin sensitiser,Inside AD,1,In,1,In,1,1,1,1A,NA,NA,NA,NA,2.85,-2.171915198,288,95,-3.562200304,2.045160534,144.17
155,1405-10-3,Neomycin sulfate,1,5.05,9.3,0.8,NA,-31.6,-66.3,3.1,0,0,1,1.609,1,429.1,NA,0,>200,1,In,Not skin sensitiser,Inside AD,1,In,1,In,0,0,NA,NA,1,1B,1,NA,0.826875437,-0.920393353,357.9057185,140.9332712,-8.35964586,0.439603972,614.3123
156,100-11-8,4-Nitrobenzyl bromide,1,77.97492,98.29126711,57.65857691,1,62.1,100,24.2,1,1,1,5.077,1,0.79999645799999997,1,1,0.4,1,In,Skin sensitiser,Inside AD,1,In,1,In,1,1,1,1A,NA,NA,NA,NA,2.818127305,-2.427199302,262.8684184,99,-2.030680766,1.288073554,216.03
157,5307-14-2,2-Nitro-p-phenylenediamine,1,15.67844,31.35688473,0,1,46.65,93.3,0,1,NA,1,4.444,1,276.7,0,1,5.4,1,In,Skin sensitiser,Inside AD,1,In,1,In,1,1,1,1A,NA,NA,1,1A,0.53,-2.31060484,315.0069533,140,-7.708948226,0.820099166,153.14
158,2277-19-2,cis-6-Nonenal,1,12.6,16.7,8.5,0,5.34999845,8,2.6999969,1,NA,NA,NA,1,22.82510568,NA,1,5.93,1,In,Skin sensitiser,Inside AD,1,In,1,In,1,1,1,1B,NA,NA,NA,NA,3.189278476,-2.549180799,190.8485716,-6.658551628,-0.422852938,1.996152953,140.22
159,124-07-2,Octanoic acid,0,0.704485,1.161405599,0.247564705,0,0.45,0,0.9,0,NA,NA,NA,1,158.69999999999999,NA,1,70.5,0,In,Not skin sensitiser,Inside AD,0,In,0,In,0,0,0,NC,NA,NA,0,NC,3.05,-2.280950074,239,16.3,-2.430600338,0.577399807,144.21
160,54464-57-2,OTNE,0,1.6,2.6,0.6,0,0,<5.74,NA,0,NA,NA,NA,1,21.08,NA,1,21.34,1,In,Skin sensitiser,Inside AD,0,In,1,In,1,1,1,1B,0,NC,0,NC,4.977116898,-4.243681226,287.597464,-2.349919341,-2.652271187,2.57341829,234.38
161,144-62-7,Oxalic acid,0,0.133259,0.115810559,0.150707969,0,0.45,0.9,0,1,NA,NA,NA,1,310.33372800000001,1,0,>200,0,In,Not skin sensitiser,Inside AD,0,In,0,In,1,1,1,1B,NA,NA,NA,NA,-0.855481297,0.385129733,318.0135287,141.7844698,-3.630800847,0.692725201,90.03
162,15646-46-5,Oxazolone,1,92.00416,94.86915417,89.13917516,1,62.56974487,75.5,49.63948974,1,1,NA,NA,1,2.71,1,1,>200,1,In,Skin sensitiser,Inside AD,1,In,1,In,1,1,1,1A,NA,NA,NA,NA,1.479398962,-2.177538222,316.039587,60.24672589,-3.557250059,0.593919261,217.22
163,61-33-6,Penicillin G,0,4.318699,4.286538683,4.350859605,1,7.15,14.3,0,0,0,0,-0.6168,1,3754.3,0,0,>200,1,In,Skin sensitiser,Inside AD,1,In,1,In,1,1,1,1B,1,1B,1,1B,1.83,-1.476260734,306.7269936,161.0005862,-10.14386972,0.461416515,334.39
164,87-86-5,Pentachlorophenol,NA,NA,NA,NA,1,7.25,0,14.5,0,NA,1,4.556,1,19.04,1,1,21.3,1,In,Not skin sensitiser,Inside AD,1,In,1,In,1,1,1,1B,NA,NA,0,NC,5.12,-3.817149541,309.5,174,-3.958599419,2.66,266.34
165,2111-75-3,Perillaldehyde,1,54.23308,93.94523146,14.5209314,1,22.835,31.87,13.8,1,NA,NA,NA,1,51.4,1,1,16.32,1,In,Skin sensitiser,Inside AD,1,In,1,In,1,1,1,1B,1,1B,1,1B,3.126078724,-1.916610544,240,14.27441899,-0.554764059,1.418647907,150.22
166,3055-86-5,3-Phenoxypropanenitrile,0,3.378569,0.295526259,6.461611669,1,14.85,0,29.7,0,NA,NA,NA,1,451.89342499999998,NA,1,131.4,0,In,Skin sensitiser,Inside AD,0,In,0,Out,0,0,0,NC,NA,NA,NA,NA,1.61,-1.532211729,278.0266328,58.79666013,-1.587756488,0.92010868,147.17
167,93-99-2,Phenyl benzoate,0,2.94649,3.754716425,2.138262811,1,28.2,36.799999999999997,19.6,0,0,1,0.2838,1,137.80000000000001,inconclusive,1,100.7,1,In,Not skin sensitiser,Inside AD,0,In,1,In,1,1,1,NA,1,1B,1,1B,3.59,-3.718966633,314,71,-2.76959962,1.646707152,198.22
168,122-78-1,Phenylacetaldehyde,1,66.77113,34.05248448,99.48976693,1,41.665,60.7,22.63,1,NA,NA,NA,1,11.5,1,1,7,1,In,Skin sensitiser,Inside AD,1,In,1,In,1,1,1,1B,1,1A,1,1B,1.78,-1.585054913,195,33.5,-0.406699531,0.961618603,120.15
169,106-50-3,p-Phenylenediamine,1,83.15649,100,66.31298193,1,58.25,93,23.5,1,NA,1,6.091,1,2.09,1,1,2.4,1,In,Skin sensitiser,Inside AD,1,In,1,In,1,1,1,1A,1,1A,1,1A,-0.3,-0.422900178,267,146,-2.893411402,0.810967095,108.14
170,579-07-7,"1-Phenylpropane-1,2-dione",1,56.14809,62.63147771,49.66469321,1,31.25,47.1,15.4,1,NA,1,5.367,1,56.699475849999999,1,1,35,1,In,Skin sensitiser,Inside AD,1,In,1,In,1,1,1,NA,NA,NA,NA,NA,1.730573807,-1.755799599,222,80.51720995,-1.221595317,0.720308944,148.16
171,85-44-9,Phthalic anhydride,1,50.09752,0.195038569,100,1,38.44181401,1.9,74.98362803,0,0,NA,NA,0,9999,NA,0,>200,1,In,Skin sensitiser,Inside AD,1,In,1,In,1,1,1,1A,NA,NA,NA,NA,1.6,-1.384516069,295,130.8,-3.286500217,0.367243418,148.12
172,121-79-9,Propyl gallate,1,75.24649,90.92230598,59.57068172,1,43.25,59.9,26.6,1,0,1,6.731,1,32.4,1,1,2,1,In,Skin sensitiser,Inside AD,1,In,1,In,1,1,1,1A,NA,NA,1,1A,1.8,-1.780863815,315.9925477,130,-6.590695576,1.173451026,212.2
173,57-55-6,Propylene glycol,0,0,0,0,0,0.3,0,0.6,0,0,0,-0.6637,0,9999,0,0,>200,0,In,Not skin sensitiser,Inside AD,0,In,0,Out,0,0,0,NC,0,NC,0,NC,-0.92,1.119915511,187.6,-60,-0.88940019,0.52892219,76.09
174,17369-59-4,3-Propylidenephthalide,1,11.12118,9.926015029,12.31633704,1,22.45,14.3,30.6,0,NA,NA,NA,1,31.2,1,1,10.08,0,Out,Skin sensitiser,Inside AD,1,In,0,Out,1,1,1,1B,1,1B,1,1B,1.679483941,-2.289710872,282.9766985,49.60788241,-3.3154985,0.910256781,174.2
175,94-13-3,Propylparaben,NA,NA,NA,NA,0,4.1,8.1999999999999993,0,1,NA,NA,NA,1,61.4,1,1,23.9,0,In,Not skin sensitiser,Inside AD,0,In,0,In,0,0,NA,NA,NA,NA,NA,NA,3.04,-2.558329052,269.5977455,97,-5.221571764,0.847357814,180.2004852
176,110-86-1,Pyridine,0,0.138895,0,0.277790941,0,0.75,1.5,0,0,0,NA,NA,1,2370,0,0,>200,0,In,Not skin sensitiser,Inside AD,0,In,0,In,1,1,1,1B,1,1B,0,NC,0.65,0.987389734,115.2,-41.6,1.318100917,0.640497226,79.1
177,108-46-3,Resorcinol,1,10.06481,19.95794804,0.171673077,0,0.8,1.6,0,0,0,1,1.292,1,201.5,1,1,4.8,1,In,Skin sensitiser,Inside AD,1,In,1,In,1,1,1,1B,NA,NA,1,1B,0.8,0.812649054,280,111,-3.310700022,0.959648294,110.11
178,81-07-2,Saccharin,0,0.814701,0.858500545,0.770900853,0,1.2,2.4,0,0,NA,NA,NA,0,9999,1,0,>200,0,In,N/D,Outside AD,0,In,0,In,0,0,0,NC,NA,NA,NA,NA,0.91,-1.669150509,266.8468153,143.145388,-5.524815883,0.096845519,183.18
179,116-26-7,Safranal,1,27.45849,44.20174508,10.71523496,1,45.9000001,91.800000199999999,0,1,NA,NA,NA,1,26.469796039999999,NA,1,12,1,In,Skin sensitiser,Inside AD,1,In,1,In,1,1,1,1B,1,1A,NA,NA,2.502864962,-1.909255452,231.4877896,13.77228359,-0.0967404,1.203828303,150.22
180,69-72-7,Salicylic acid,0,0.369581,0.739162666,0,0,4.85,8.6999999999999993,1,0,0,0,-1.185,1,608.9,0,0,>200,0,In,Not skin sensitiser,Inside AD,0,In,1,Out,0,0,1,1B,NA,NA,0,NC,2.26,-1.826728484,255.1589809,158,-4.086199918,0.619266121,138.12
181,151-21-3,Sodium lauryl sulfate,0,0.2,0.2,0.2,0,0,0,0,0,0,0,-0.2539,0,9999,NA,1,54.6,0,In,Expected positive in LLNA only,Inside AD,N/A,Out,0,In,1,1,1,1B,0,NC,0,NC,1.6,-2.22946655,291.2014305,205.5,-4.681712385,0.778039793,266.4
182,2892-51-5,Squaric acid,0,1.525113,2.717801946,0.332423614,1,25.85329055,46.881286600000003,4.8252945,0,NA,NA,NA,0,9999,NA,1,62.74,1,In,Not skin sensitiser,Inside AD,1,In,1,In,1,1,1,NA,NA,NA,NA,NA,-0.353397072,0.514389056,253.7155904,103.9159021,-2.326567682,0.529501698,114.06
183,63-74-1,Sulfanilamide,0,0.926652,1.85330464,0,0,0.4,0,0.8,0,0,0,-0.2391,0,9999,0,0,>200,1,In,Skin sensitiser,Inside AD,0,In,0,In,0,0,0,NC,1,1B,NA,NA,-0.62,-1.360011484,284.0363129,165.5,-4.682026348,0.295597639,172.2
184,121-57-3,Sulfanilic acid,NA,NA,NA,NA,0,2.9,5.3,0.5,0,NA,0,-0.0995,0,9999,NA,0,>200,1,In,Skin sensitiser,Inside AD,0,In,0,In,0,0,NA,NA,NA,NA,NA,NA,-2.16,-1.205100161,298.6135967,193.1994319,-9.906381229,0.684397924,173.19
185,87-69-4,L-Tartaric acid,NA,NA,NA,NA,0,2.5,3.8,1.2,0,0,NA,NA,0,9999,1,0,>200,0,In,Not skin sensitiser,Inside AD,0,In,0,In,1,1,NA,NA,NA,NA,NA,NA,-1.899522912,0.470980551,317.8049393,173.625,-8.878516967,0.5341719,150.0868378
186,1154-59-2,Tetrachlorosalicylanilide,1,46.50454,90.71777115,2.291305425,1,22.9,36.799999999999997,9,1,1,1,3.384,1,2.98,1,1,2.4,1,In,Not skin sensitiser,Inside AD,1,In,0,Out,1,1,1,1A,1,1A,1,1A,5.109344374,-5.169733197,317.4861583,161,-8.486790493,2.457563514,351.01
187,1118-71-4,"2,2,6,6-Tetramethylheptane-3,5-dione",0,0.558872,0.395829523,0.721914557,0,0.6986046,1.3972092,0,0,NA,NA,NA,1,153.1870754,NA,0,>200,1,In,Not skin sensitiser,Inside AD,1,In,1,In,1,1,1,1B,NA,NA,NA,NA,3.363322047,-1.598982938,224.4311235,6.838586458,-0.35629802,0.595371431,184.28
188,96-27-5,Thioglycerol,NA,NA,NA,NA,1,27.85,27.3,28.4,0,NA,1,0.09831,1,813.6,1,1,88.2,1,In,Skin sensitiser,Inside AD,1,In,1,In,1,1,NA,NA,1,1B,1,NA,-1.300880154,0.814562398,238.217993,62.50510285,-5.030899412,0.517984535,108.0245005
189,137-26-8,Thiram,1,50,100,0,1,53.2,99.5,6.9,1,1,NA,NA,1,2.7,1,1,<0.1,1,In,N/D,Outside AD,1,In,0,Out,1,1,1,1B,1,1B,NA,NA,1.73,-3.986507259,305.7590104,155.6,-4.76320083,0.53,240.43
190,59-02-9,alpha-Tocopherol,0,1.75,3.5,0,0,3.55,0,7.1,1,NA,0,-0.6588,0,9999,NA,0,>200,0,In,Not skin sensitiser,Inside AD,0,In,1,Out,1,NA,1,1B,NA,NA,0,NC,9.408529544,-7.554110669,394.1957934,33.10262522,-6.632010697,3.23182354,430.71
191,102-71-6,Triethanolamine,0,0.15,0.2,0.1,0,1.55,0,3.1,0,NA,0,-0.3849,1,1718.3,NA,1,189.5,0,In,Not skin sensitiser,Inside AD,0,In,0,In,0,NA,0,NC,NA,NA,0,NC,-1,0.826300318,335.4,20.5,-5.444899503,0.59,149.19
192,552-30-7,Trimellitic anhydride,1,51.04676,2.44368829,99.64983463,1,21.85,0,43.7,0,NA,NA,NA,1,81.199603159999995,1,0,>200,1,In,Skin sensitiser,Inside AD,1,In,1,In,1,1,1,1B,NA,NA,NA,NA,-0.593898034,-2.317933584,390,162,-5.006100182,0.62557408,192.13
193,533-75-5,Tropolone,0,3.155465,6.310929866,0,0,0.55,0,1.1,1,NA,NA,NA,1,27.299853689999999,NA,1,2.5,1,In,Not skin sensitiser,Inside AD,1,In,1,In,1,1,1,1B,NA,NA,NA,NA,0.53,-0.474955193,198.2951156,50.8,-0.525362033,0.359125512,122.12
194,112-45-8,Undec-10-enal,0,1.078935,2.157869405,0,0,0,0,0,1,NA,NA,NA,0,9999,1,1,9.24,1,In,Skin sensitiser,Inside AD,1,In,1,In,1,1,1,1B,NA,NA,NA,NA,4.111827607,-3.997182685,225.5211356,15.60495373,-1.097856361,2.231442995,168.28
195,121-33-5,Vanillin,0,1.719244,3.20279831,0.235689127,0,1.6,3.2,0,0,0,0,-0.6976,0,9999,1,1,49.9,1,In,Not skin sensitiser,Inside AD,0,In,1,In,0,0,0,NC,NA,NA,0,NC,1.21,-1.140580791,285,81.5,-3.927400895,0.68607444,152.15
196,100-43-6,4-Vinylpyridine,1,50.35,100,0.7,1,46.04999995,92.0999999,0,1,NA,NA,NA,1,3.800006701,NA,1,3.13,1,In,Skin sensitiser,Inside AD,1,In,1,In,1,1,1,NA,NA,NA,NA,NA,1.286514944,-0.557899816,162.9749874,-49.03422726,0.23040038,1.86,105.14
